{"stats":{"minecraft:picked_up":{"minecraft:crafting_table":1,"minecraft:oak_log":1,"minecraft:mangrove_log":3},"minecraft:custom":{"minecraft:time_since_rest":1415,"minecraft:crouch_one_cm":92,"minecraft:play_time":5206,"minecraft:sprint_one_cm":12391,"minecraft:deaths":2,"minecraft:damage_taken":1000,"minecraft:walk_one_cm":8760,"minecraft:sneak_time":78,"minecraft:walk_under_water_one_cm":486,"minecraft:jump":74,"minecraft:leave_game":1,"minecraft:walk_on_water_one_cm":107,"minecraft:time_since_death":1379,"minecraft:total_world_time":5206,"minecraft:climb_one_cm":998,"minecraft:swim_one_cm":1351,"minecraft:fly_one_cm":33754,"minecraft:fall_one_cm":13121,"minecraft:interact_with_crafting_table":1},"minecraft:used":{"minecraft:wooden_axe":1,"minecraft:flint_and_steel":4,"minecraft:tnt":4,"minecraft:crafting_table":1,"minecraft:mangrove_planks":1},"minecraft:crafted":{"minecraft:oak_planks":4,"minecraft:mangrove_planks":12,"minecraft:crafting_table":1,"minecraft:stick":4,"minecraft:wooden_axe":1},"minecraft:mined":{"minecraft:oak_log":1,"minecraft:mangrove_log":3,"minecraft:oak_leaves":3,"minecraft:mangrove_leaves":2,"minecraft:crafting_table":1}},"DataVersion":3465}