{"stats":{"minecraft:picked_up":{"minecraft:crafting_table":4,"minecraft:iron_trapdoor":1,"minecraft:leather":7,"minecraft:stone_brick_stairs":1,"minecraft:oak_log":31,"aquaculture:muskellunge":1,"skilltree:gem":10,"minecraft:string":2,"minecraft:dirt":13,"create:limestone":6,"minecraft:raw_copper":71,"minecraft:bone":4,"minecraft:stone_bricks":6,"mysticalagriculture:inferium_essence":3,"minecraft:beef":4,"minecraft:oak_planks":1,"minecraft:furnace":3,"minecraft:raw_iron":2,"minecraft:torch":10,"aquaculture:perch":1,"tombstone:grave_dust":1,"minecraft:skeleton_spawn_egg":1,"minecraft:arrow":2,"minecraft:rotten_flesh":2,"minecraft:cow_spawn_egg":2,"minecraft:stone_axe":1,"minecraft:coal":40,"iceandfire:raw_silver":5,"minecraft:cobblestone":30},"minecraft:killed":{"minecraft:spider":1,"aquaculture:muskellunge":1,"minecraft:skeleton":2,"minecraft:zombie":4,"aquaculture:perch":1,"minecraft:cow":7},"minecraft:used":{"minecraft:stone_pickaxe":111,"minecraft:oak_planks":110,"minecraft:wooden_pickaxe":3,"minecraft:iron_sword":31,"minecraft:rotten_flesh":2,"minecraft:iron_chestplate":1,"minecraft:torch":11,"minecraft:dirt":13,"minecraft:skeleton_spawn_egg":1,"minecraft:crafting_table":4,"aquaculture:muskellunge":1,"minecraft:apple":10,"minecraft:iron_axe":28,"minecraft:iron_pickaxe":4,"minecraft:iron_boots":1,"minecraft:stone_brick_stairs":1,"minecraft:stone_bricks":6,"minecraft:stone_axe":28,"minecraft:cobblestone":16,"minecraft:beef":4,"minecraft:iron_trapdoor":1,"minecraft:furnace":1,"tombstone:gift":2,"alexsmobs:animal_dictionary":1,"aquaculture:perch":1},"minecraft:custom":{"minecraft:interact_with_furnace":5,"minecraft:mob_kills":16,"minecraft:interact_with_crafting_table":9,"minecraft:leave_game":1,"minecraft:time_since_death":5508,"minecraft:climb_one_cm":1172,"minecraft:time_since_rest":4194,"minecraft:sprint_one_cm":79103,"minecraft:damage_taken":1199,"minecraft:walk_one_cm":55335,"minecraft:drop":7,"minecraft:damage_dealt":2236,"minecraft:swim_one_cm":37404,"minecraft:fly_one_cm":200583,"minecraft:open_chest":12,"minecraft:crouch_one_cm":1422,"minecraft:play_time":25037,"tombstone:undead_killed":6,"minecraft:deaths":3,"minecraft:sneak_time":487,"minecraft:walk_under_water_one_cm":4546,"minecraft:jump":1048,"minecraft:walk_on_water_one_cm":8339,"minecraft:total_world_time":25037,"minecraft:fall_one_cm":22792},"minecraft:dropped":{"minecraft:stone_axe":1,"minecraft:raw_copper":2,"minecraft:stick":2,"skilltree:gem":1,"iceandfire:copper_pickaxe":1,"minecraft:wooden_pickaxe":1},"minecraft:crafted":{"minecraft:oak_planks":124,"minecraft:crafting_table":1,"minecraft:wooden_pickaxe":1,"minecraft:furnace":1,"minecraft:copper_ingot":5,"minecraft:stone_axe":1,"minecraft:air":0,"minecraft:iron_chestplate":1,"minecraft:iron_boots":1,"minecraft:iron_axe":1,"minecraft:stick":16,"minecraft:iron_pickaxe":1,"minecraft:stone_pickaxe":1,"iceandfire:copper_pickaxe":1,"minecraft:torch":8},"minecraft:mined":{"iceandfire:silver_ore":5,"minecraft:crafting_table":4,"minecraft:torch":7,"minecraft:ladder":1,"minecraft:grass_block":5,"minecraft:copper_ore":21,"minecraft:oak_planks":3,"minecraft:wall_torch":3,"minecraft:spawner":1,"minecraft:furnace":3,"minecraft:iron_ore":2,"minecraft:stone_brick_stairs":1,"minecraft:coal_ore":40,"minecraft:oak_log":31,"minecraft:dirt":4,"minecraft:azalea_leaves":1,"minecraft:stone_bricks":6,"minecraft:stone":29,"minecraft:white_tulip":1,"create:limestone":6,"minecraft:iron_trapdoor":1},"minecraft:killed_by":{"minecraft:skeleton":3}},"DataVersion":3465}