{"stats":{"minecraft:broken":{"minecraft:iron_chestplate":1,"minecraft:diamond_leggings":1,"aether:iron_gloves":1,"minecraft:diamond_boots":1,"minecraft:iron_sword":1,"minecraft:iron_helmet":1},"minecraft:dropped":{"minecraft:enchanted_book":1,"minecraft:book":2,"minecraft:copper_ingot":2,"nethersdelight:hoglin_loin":8,"minecraft:stick":2,"minecraft:torch":14,"minecraft:wooden_axe":1,"skilltree:gem":6,"tombstone:grave_dust":3,"irons_spellbooks:arcane_essence":1,"iceandfire:copper_pickaxe":1,"minecraft:bone":19,"minecraft:stone_axe":1,"minecraft:raw_copper":2,"minecraft:rotten_flesh":6,"patchouli:guide_book":2,"aether:iron_gloves":2,"minecraft:diamond_boots":1,"minecraft:wooden_pickaxe":1},"minecraft:mined":{"minecraft:dark_oak_planks":48,"minecraft:dark_prismarine":12,"minecraft:spruce_planks":5,"iceandfire:silver_ore":5,"minecraft:mossy_cobblestone":1,"regions_unexplored:magnolia_log":8,"minecraft:dark_oak_fence":1,"minecraft:ladder":1,"minecraft:grass_block":6,"minecraft:spawner":9,"minecraft:furnace":3,"minecraft:iron_ore":2,"minecraft:acacia_wood":1,"minecraft:nether_brick_stairs":3,"minecraft:bookshelf":1,"crittersandcompanions:silk_cocoon":1,"minecraft:spruce_wood":7,"minecraft:azalea_leaves":1,"tetra:scroll_wall":1,"minecraft:white_tulip":1,"minecraft:stone":29,"create:limestone":6,"minecraft:birch_stairs":3,"minecraft:red_wool":14,"minecraft:cyan_terracotta":1,"tetra:scroll_rolled":1,"minecraft:smoker":3,"minecraft:crafting_table":4,"minecraft:torch":7,"minecraft:note_block":2,"minecraft:emerald_ore":1,"regions_unexplored:pink_magnolia_leaves":7,"minecraft:nether_brick_slab":1,"minecraft:copper_ore":21,"minecraft:cobblestone":1,"minecraft:oak_planks":61,"minecraft:wall_torch":4,"minecraft:birch_planks":23,"minecraft:bee_nest":1,"minecraft:stone_brick_stairs":1,"minecraft:smooth_stone_slab":3,"minecraft:grass":1,"minecraft:coal_ore":40,"minecraft:oak_log":31,"minecraft:dirt":4,"minecraft:acacia_planks":10,"minecraft:stripped_acacia_wood":5,"minecraft:stone_bricks":6,"minecraft:fern":1,"minecraft:iron_trapdoor":1},"minecraft:killed_by":{"minecraft:wither_skeleton":1,"iceandfire:gorgon":1,"minecraft:skeleton":3},"minecraft:crafted":{"tetra:scroll_rolled":7,"minecraft:oak_planks":124,"minecraft:furnace":1,"patchouli:guide_book":1,"minecraft:iron_boots":1,"minecraft:iron_axe":1,"minecraft:stone_pickaxe":1,"iceandfire:copper_pickaxe":1,"regions_unexplored:magnolia_planks":28,"minecraft:diamond_axe":1,"minecraft:crafting_table":2,"minecraft:spruce_planks":24,"minecraft:wooden_pickaxe":1,"minecraft:copper_ingot":5,"minecraft:stone_axe":1,"minecraft:air":0,"minecraft:iron_chestplate":1,"minecraft:diamond_pickaxe":1,"minecraft:stick":24,"minecraft:iron_pickaxe":1,"minecraft:acacia_planks":20,"minecraft:torch":24},"minecraft:picked_up":{"nethersdelight:hoglin_loin":15,"minecraft:crafting_table":4,"iceandfire:witherbone":14,"minecraft:iron_trapdoor":1,"regions_unexplored:magnolia_log":8,"aether:iron_gloves":2,"minecraft:enchanted_book":1,"minecraft:stone_brick_stairs":1,"create:limestone":6,"minecraft:string":2,"aquaculture:muskellunge":1,"minecraft:raw_copper":71,"minecraft:smooth_stone_slab":3,"irons_spellbooks:arcane_essence":1,"mysticalagriculture:inferium_essence":10,"minecraft:spruce_planks":4,"minecraft:beef":4,"minecraft:player_head":3,"minecraft:furnace":3,"adorn:guide_book":1,"minecraft:raw_iron":2,"minecraft:torch":26,"minecraft:note_block":2,"aquaculture:perch":1,"minecraft:stone_button":2,"tombstone:grave_dust":9,"alexsmobs:crocodile_scute":1,"minecraft:dark_oak_planks":37,"regions_unexplored:pink_magnolia_sapling":2,"minecraft:arrow":3,"minecraft:rotten_flesh":8,"minecraft:cow_spawn_egg":2,"minecraft:cobblestone":30,"minecraft:leather":12,"minecraft:acacia_wood":1,"minecraft:smoker":3,"minecraft:birch_planks":22,"minecraft:oak_log":31,"minecraft:wither_skeleton_skull":2,"skilltree:gem":13,"minecraft:dirt":13,"irons_spellbooks:hogskin":1,"minecraft:bone":37,"tetra:scroll_rolled":2,"minecraft:acacia_planks":10,"minecraft:stone_bricks":6,"minecraft:spruce_wood":7,"minecraft:oak_planks":59,"minecraft:book":5,"patchouli:guide_book":2,"minecraft:chiseled_stone_bricks":1,"minecraft:red_wool":14,"minecraft:stripped_acacia_wood":5,"alexsmobs:crocodile_egg":1,"minecraft:birch_stairs":3,"minecraft:nether_brick_stairs":2,"minecraft:nether_brick_slab":1,"minecraft:dark_prismarine":12,"minecraft:skeleton_spawn_egg":1,"minecraft:slime_ball":6,"minecraft:stone_axe":1,"minecraft:emerald":13,"iceandfire:gorgon_head":1,"tombstone:magic_scroll":1,"minecraft:dark_oak_fence":1,"minecraft:coal":51,"iceandfire:raw_silver":5,"minecraft:wooden_axe":1},"minecraft:killed":{"iceandfire:gorgon":1,"minecraft:spider":3,"minecraft:slime":5,"aquaculture:muskellunge":1,"minecraft:skeleton":3,"aquaculture:perch":1,"minecraft:hoglin":8,"alexsmobs:crocodile":2,"minecraft:zombie":10,"minecraft:wither_skeleton":27,"minecraft:cow":7},"minecraft:custom":{"minecraft:mob_kills":68,"minecraft:interact_with_crafting_table":13,"minecraft:leave_game":2,"minecraft:time_since_death":3997,"minecraft:climb_one_cm":3486,"minecraft:sprint_one_cm":287198,"minecraft:walk_one_cm":311051,"minecraft:drop":34,"minecraft:play_noteblock":7,"minecraft:talked_to_villager":4,"minecraft:play_time":101615,"minecraft:deaths":6,"minecraft:sneak_time":3348,"minecraft:walk_under_water_one_cm":14057,"minecraft:jump":3023,"minecraft:walk_on_water_one_cm":31098,"minecraft:total_world_time":101615,"minecraft:interact_with_furnace":5,"minecraft:tune_noteblock":18,"minecraft:time_since_rest":3488,"minecraft:damage_taken":2147483647,"minecraft:damage_absorbed":119,"minecraft:damage_dealt":23619,"tombstone:cast_on_ally":0,"minecraft:swim_one_cm":76245,"minecraft:fly_one_cm":460728,"minecraft:open_chest":73,"minecraft:crouch_one_cm":8595,"tombstone:undead_killed":41,"minecraft:inspect_dispenser":4,"minecraft:fall_one_cm":58335},"minecraft:used":{"minecraft:stripped_acacia_wood":1,"minecraft:spruce_planks":28,"minecraft:iron_sword":273,"tombstone:scroll_of_purification":1,"minecraft:player_head":3,"minecraft:rotten_flesh":2,"minecraft:iron_chestplate":1,"minecraft:torch":34,"minecraft:dirt":13,"minecraft:skeleton_spawn_egg":1,"minecraft:nether_brick_slab":1,"tetra:scroll_rolled":2,"regions_unexplored:magnolia_log":1,"aquaculture:muskellunge":1,"minecraft:nether_brick_stairs":2,"minecraft:dark_oak_planks":33,"minecraft:red_wool":14,"minecraft:spruce_wood":1,"minecraft:iron_axe":173,"minecraft:iron_boots":1,"minecraft:stone_brick_stairs":1,"minecraft:stone_bricks":6,"minecraft:golden_carrot":23,"minecraft:beef":4,"minecraft:iron_trapdoor":1,"minecraft:furnace":4,"tombstone:gift":4,"minecraft:acacia_planks":28,"tombstone:scroll_of_mercy":1,"tombstone:scroll_of_knowledge":2,"minecraft:diamond_boots":1,"minecraft:birch_planks":19,"minecraft:stone_pickaxe":111,"minecraft:oak_planks":168,"minecraft:wooden_pickaxe":3,"minecraft:diamond_axe":116,"regions_unexplored:pink_magnolia_sapling":2,"minecraft:golden_apple":3,"minecraft:crafting_table":6,"minecraft:note_block":2,"regions_unexplored:magnolia_planks":58,"minecraft:dark_prismarine":12,"minecraft:diamond_pickaxe":13,"minecraft:apple":10,"minecraft:bread":8,"minecraft:stone_button":2,"minecraft:iron_pickaxe":25,"alexsmobs:crocodile_egg":1,"tombstone:magic_scroll":2,"adorn:guide_book":1,"minecraft:stone_axe":28,"minecraft:chiseled_stone_bricks":1,"minecraft:cobblestone":16,"minecraft:dark_oak_fence":1,"minecraft:smooth_stone_slab":3,"alexsmobs:animal_dictionary":2,"minecraft:birch_stairs":2,"aquaculture:perch":1,"minecraft:experience_bottle":14}},"DataVersion":3465}