{"stats":{"minecraft:picked_up":{"minecraft:birch_log":5,"minecraft:stick":8,"minecraft:raw_iron":5,"minecraft:azure_bluet":1,"minecraft:andesite":26,"minecraft:gravel":1,"minecraft:oak_log":15,"skilltree:gem":9,"minecraft:cornflower":2,"minecraft:dirt":5,"minecraft:pink_tulip":1,"minecraft:azalea":7,"minecraft:coal":37,"minecraft:flowering_azalea":1,"iceandfire:raw_silver":4,"minecraft:cobblestone":63},"minecraft:used":{"minecraft:azalea":2,"minecraft:wooden_axe":19,"nec:oak_chest":1,"minecraft:birch_planks":20,"minecraft:stone_pickaxe":107,"minecraft:oak_planks":21,"minecraft:wooden_pickaxe":36,"minecraft:torch":4,"minecraft:oak_door":2,"minecraft:dirt":1,"minecraft:cobblestone":57,"minecraft:crafting_table":1,"minecraft:azure_bluet":1},"minecraft:custom":{"minecraft:time_since_rest":26568,"minecraft:sprint_one_cm":26460,"minecraft:damage_taken":160,"minecraft:walk_one_cm":135476,"minecraft:damage_dealt":6,"minecraft:interact_with_crafting_table":17,"minecraft:fly_one_cm":44624,"minecraft:open_chest":8,"minecraft:crouch_one_cm":892,"minecraft:play_time":26568,"minecraft:sneak_time":186,"minecraft:jump":532,"minecraft:leave_game":2,"minecraft:time_since_death":26568,"minecraft:total_world_time":26568,"minecraft:fall_one_cm":15699},"minecraft:crafted":{"minecraft:oak_door":3,"minecraft:oak_planks":60,"minecraft:crafting_table":1,"minecraft:stick":8,"minecraft:wooden_pickaxe":1,"minecraft:stone_pickaxe":1,"minecraft:wooden_axe":2,"nec:oak_chest":1,"minecraft:torch":12,"minecraft:birch_planks":20,"minecraft:stone_axe":1},"minecraft:mined":{"iceandfire:silver_ore":4,"minecraft:iron_ore":5,"minecraft:birch_log":5,"minecraft:andesite":27,"minecraft:azure_bluet":1,"minecraft:cornflower":2,"minecraft:coal_ore":37,"minecraft:grass_block":5,"minecraft:oak_log":15,"minecraft:flowering_azalea_leaves":1,"minecraft:gravel":1,"minecraft:pink_tulip":1,"minecraft:cobblestone":2,"minecraft:azalea_leaves":6,"minecraft:azalea":2,"minecraft:stone":61}},"DataVersion":3465}