{"stats":{"minecraft:dropped":{"minecraft:enchanted_book":1,"bloomingnature:fan_palm_sprout":1,"minecraft:white_tulip":9,"tombstone:gift":1,"minecraft:birch_sapling":6,"minecraft:cornflower":1,"minecraft:mossy_stone_bricks":1,"skilltree:gem":3,"farmersdelight:mixed_salad":1,"tombstone:grave_dust":4,"minecraft:stone_bricks":1,"minecraft:wooden_pickaxe":1,"minecraft:gravel":3},"minecraft:broken":{"minecraft:stone_pickaxe":1},"minecraft:mined":{"minecraft:piston_head":2,"minecraft:spruce_planks":2,"minecraft:redstone_block":6,"minecraft:white_bed":2,"iceandfire:silver_ore":4,"minecraft:oak_door":1,"minecraft:brewing_stand":1,"minecraft:crafting_table":2,"minecraft:cornflower":2,"minecraft:grass_block":5,"minecraft:redstone_wire":39,"minecraft:cobblestone":3,"bloomingnature:beach_bush":1,"minecraft:repeater":4,"minecraft:birch_log":5,"minecraft:iron_ore":6,"minecraft:sticky_piston":8,"minecraft:andesite":33,"minecraft:azure_bluet":1,"minecraft:brown_bed":1,"minecraft:grass":1,"minecraft:oak_log":30,"minecraft:coal_ore":42,"minecraft:flowering_azalea_leaves":2,"minecraft:gravel":1,"minecraft:pink_tulip":1,"minecraft:azalea_leaves":7,"minecraft:azalea":2,"minecraft:stone_bricks":8,"minecraft:stone":99},"minecraft:killed_by":{"iceandfire:gorgon":1,"minecraft:zombie_villager":1,"minecraft:player":1,"alexsmobs:crocodile":1,"minecraft:creeper":1,"dungeonsweaponry:nameless_one":1},"minecraft:crafted":{"minecraft:oak_door":3,"minecraft:oak_planks":68,"minecraft:crafting_table":2,"minecraft:wooden_pickaxe":1,"minecraft:birch_planks":20,"minecraft:stone_axe":1,"minecraft:oak_boat":1,"minecraft:stick":8,"minecraft:stone_pickaxe":2,"minecraft:wooden_axe":2,"nec:oak_chest":1,"minecraft:torch":12},"minecraft:picked_up":{"minecraft:birch_log":5,"farmersdelight:mixed_salad":1,"minecraft:crafting_table":2,"minecraft:azure_bluet":1,"minecraft:redstone_block":6,"minecraft:repeater":4,"minecraft:andesite":30,"minecraft:brown_bed":1,"minecraft:potato":2,"minecraft:enchanted_book":1,"minecraft:oak_log":30,"minecraft:brewing_stand":1,"minecraft:dirt":11,"minecraft:cornflower":4,"skilltree:gem":9,"minecraft:string":2,"tombstone:gift":1,"minecraft:sticky_piston":10,"minecraft:stone_bricks":11,"minecraft:orange_tulip":11,"mysticalagriculture:inferium_essence":1,"minecraft:white_tulip":9,"minecraft:azalea":7,"minecraft:mossy_stone_bricks":1,"minecraft:birch_sapling":6,"bloomingnature:fan_palm_sprout":1,"minecraft:flowering_azalea":1,"minecraft:stick":8,"minecraft:raw_iron":6,"minecraft:oak_door":1,"minecraft:torch":1,"minecraft:gravel":3,"tombstone:grave_dust":4,"minecraft:carrot":3,"minecraft:white_bed":1,"minecraft:redstone":38,"minecraft:stone_shovel":1,"minecraft:stone_axe":1,"minecraft:emerald":38,"dungeonsweaponry:glaive":1,"minecraft:pink_tulip":1,"minecraft:bread":33,"minecraft:coal":42,"iceandfire:raw_silver":4,"minecraft:cobblestone":105},"minecraft:killed":{"minecraft:spider":1},"minecraft:custom":{"minecraft:mob_kills":1,"minecraft:interact_with_crafting_table":27,"minecraft:open_barrel":8,"minecraft:leave_game":6,"minecraft:time_since_death":886,"minecraft:sleep_in_bed":2,"minecraft:climb_one_cm":2454,"minecraft:time_since_rest":412,"minecraft:sprint_one_cm":135117,"minecraft:damage_taken":2147483647,"minecraft:walk_one_cm":307521,"minecraft:drop":17,"minecraft:damage_dealt":768,"minecraft:swim_one_cm":18616,"minecraft:fly_one_cm":270198,"minecraft:open_chest":10,"minecraft:crouch_one_cm":2589,"minecraft:play_time":122574,"minecraft:deaths":7,"minecraft:sneak_time":830,"minecraft:walk_under_water_one_cm":3841,"minecraft:boat_one_cm":100455,"minecraft:jump":1798,"minecraft:walk_on_water_one_cm":11348,"minecraft:total_world_time":122574,"minecraft:fall_one_cm":52002},"minecraft:used":{"minecraft:birch_planks":20,"minecraft:stone_pickaxe":201,"minecraft:oak_planks":21,"minecraft:wooden_pickaxe":55,"minecraft:oak_door":2,"minecraft:torch":13,"minecraft:dirt":11,"minecraft:crafting_table":3,"minecraft:azure_bluet":1,"minecraft:wooden_axe":19,"minecraft:diamond_pickaxe":8,"nec:oak_chest":1,"minecraft:bread":17,"minecraft:stone_bricks":2,"minecraft:stone_axe":37,"minecraft:cobblestone":96,"minecraft:andesite":13,"tombstone:gift":1,"minecraft:oak_boat":1,"minecraft:azalea":2}},"DataVersion":3465}