{"stats":{"minecraft:broken":{"minecraft:iron_boots":1,"minecraft:iron_chestplate":1,"minecraft:iron_leggings":1,"minecraft:iron_helmet":1},"minecraft:dropped":{"minecraft:enchanted_book":1,"minecraft:bread":66,"iceandfire:raw_silver":2,"crittersandcompanions:otter_spawn_egg":1,"minecraft:wheat_seeds":3,"minecraft:oak_pressure_plate":6,"minecraft:oak_log":5,"weaponmaster:tutorialbook":1,"minecraft:orange_tulip":11,"minecraft:cobblestone":1,"minecraft:lantern":1,"aquaculture:minnow":5,"farmersdelight:cod_roll":2,"minecraft:stick":4,"minecraft:dirt":2,"minecraft:cornflower":2,"skilltree:gem":9,"minecraft:cooked_salmon":2,"tombstone:grave_dust":4,"minecraft:bone_meal":1,"minecraft:bone":1,"minecraft:white_tulip":8,"minecraft:stone_axe":1,"alexsmobs:animal_dictionary":1,"minecraft:bowl":1,"minecraft:birch_sapling":4,"minecraft:wheat":1,"minecraft:oak_planks":5,"dungeonsweaponry:glaive":1,"minecraft:stone_slab":1,"patchouli:guide_book":1,"mysticalagriculture:inferium_essence":3,"farmersdelight:mixed_salad":1,"regions_unexplored:white_magnolia_shrub":1,"minecraft:sandstone":1,"minecraft:arrow":5,"minecraft:wooden_pickaxe":1},"minecraft:mined":{"minecraft:white_bed":3,"iceandfire:silver_ore":2,"minecraft:oak_door":1,"minecraft:cobblestone_stairs":1,"farmersdelight:wild_carrots":10,"minecraft:grass_block":18,"minecraft:oak_pressure_plate":4,"minecraft:coal_block":8,"minecraft:hay_block":42,"minecraft:magma_block":2,"minecraft:furnace":1,"minecraft:carrots":6,"minecraft:iron_ore":43,"babyfat:water_lettuce":1,"minecraft:acacia_wood":3,"minecraft:pumpkin":10,"regions_unexplored:white_magnolia_shrub":1,"minecraft:potatoes":88,"minecraft:flowering_azalea_leaves":2,"crittersandcompanions:silk_cocoon":1,"regions_unexplored:medium_grass":1,"minecraft:azalea_leaves":10,"minecraft:azalea":3,"minecraft:stone":40,"minecraft:white_tulip":6,"farmersdelight:wild_potatoes":1,"farmersdelight:cooking_pot":2,"minecraft:smoker":2,"minecraft:dandelion":3,"minecraft:oak_fence":1,"minecraft:crafting_table":4,"minecraft:cornflower":1,"minecraft:emerald_ore":1,"minecraft:stone_slab":2,"minecraft:tall_grass":4,"minecraft:cobblestone":3,"farmersdelight:wild_tomatoes":1,"minecraft:sugar_cane":5,"farmersdelight:skillet":2,"minecraft:birch_log":21,"farmersdelight:cutting_board":1,"minecraft:wheat":20,"minecraft:birch_leaves":7,"minecraft:orange_tulip":11,"minecraft:grass":39,"minecraft:oak_log":31,"minecraft:coal_ore":29,"farmersdelight:stove":4,"minecraft:cracked_stone_bricks":1,"minecraft:stonecutter":3,"minecraft:stone_bricks":25},"minecraft:killed_by":{"minecraft:spider":1,"dungeonsweaponry:nameless_one":2,"iceandfire:gorgon":1,"iceandfire:fire_dragon":1},"minecraft:crafted":{"minecraft:oak_planks":56,"minecraft:coal":27,"minecraft:cooked_chicken":1,"minecraft:furnace":2,"minecraft:bone_meal":21,"minecraft:iron_boots":1,"minecraft:iron_axe":1,"minecraft:iron_hoe":1,"minecraft:stone_pickaxe":1,"nec:oak_chest":2,"minecraft:wheat":378,"farmersdelight:hamburger":1,"minecraft:emerald":2,"minecraft:cooked_porkchop":4,"minecraft:crafting_table":3,"minecraft:iron_helmet":1,"minecraft:wooden_pickaxe":1,"minecraft:bucket":1,"minecraft:stone_axe":1,"minecraft:bread":124,"minecraft:air":0,"minecraft:wooden_hoe":1,"minecraft:iron_chestplate":1,"minecraft:stick":28,"minecraft:iron_ingot":39,"minecraft:iron_pickaxe":1,"minecraft:iron_shovel":1,"minecraft:iron_leggings":1,"minecraft:torch":48,"farmersdelight:mixed_salad":1},"minecraft:picked_up":{"minecraft:crafting_table":4,"minecraft:wheat":7,"minecraft:ladder":1,"minecraft:stone_slab":1,"minecraft:enchanted_book":1,"farmersdelight:cutting_board":1,"minecraft:cornflower":1,"minecraft:cooked_salmon":2,"farmersdelight:beef_patty":2,"mysticalagriculture:inferium_essence":3,"minecraft:white_tulip":12,"farmersdelight:straw":2,"minecraft:azalea":6,"minecraft:coal_block":8,"minecraft:sugar_cane":7,"minecraft:birch_sapling":4,"minecraft:furnace":1,"minecraft:sandstone":1,"minecraft:stick":4,"minecraft:raw_iron":39,"minecraft:oak_door":1,"minecraft:oak_fence":1,"farmersdelight:minced_beef":2,"minecraft:torch":4,"minecraft:bowl":2,"minecraft:porkchop":3,"farmersdelight:tomato_seeds":1,"tombstone:grave_dust":4,"minecraft:carrot":16,"dungeonsweaponry:claymore":1,"minecraft:arrow":9,"minecraft:rotten_flesh":1,"minecraft:hay_block":42,"crittersandcompanions:silk":3,"crittersandcompanions:otter_spawn_egg":1,"minecraft:cobblestone":40,"minecraft:birch_log":21,"minecraft:magma_block":2,"regions_unexplored:white_magnolia_shrub":1,"minecraft:smoker":2,"minecraft:potato":126,"minecraft:oak_log":36,"skilltree:gem":13,"minecraft:cobblestone_stairs":1,"farmersdelight:skillet":2,"farmersdelight:flint_knife":1,"farmersdelight:tomato":2,"minecraft:dirt":34,"minecraft:lantern":1,"minecraft:bone":25,"minecraft:stonecutter":3,"minecraft:stone_bricks":10,"farmersdelight:cooking_pot":2,"minecraft:bow":1,"minecraft:wheat_seeds":38,"minecraft:orange_tulip":25,"aquaculture:minnow":5,"minecraft:pumpkin":7,"minecraft:dandelion":13,"minecraft:oak_pressure_plate":6,"minecraft:white_bed":4,"waystones:waystone":3,"dungeonsweaponry:glaive":4,"minecraft:emerald":10,"minecraft:bread":33,"farmersdelight:stove":4,"minecraft:coal":44,"iceandfire:raw_silver":2},"minecraft:killed":{"dungeonsweaponry:vanguard":12,"minecraft:skeleton":6,"bloomingnature:boar":2,"minecraft:zombie_villager":1,"dungeonsweaponry:nameless_one":1,"minecraft:creeper":1,"minecraft:zombie":3},"minecraft:custom":{"minecraft:mob_kills":26,"minecraft:animals_bred":1,"minecraft:interact_with_crafting_table":26,"minecraft:bell_ring":1,"minecraft:leave_game":5,"minecraft:time_since_death":717,"minecraft:climb_one_cm":3770,"minecraft:sprint_one_cm":395283,"minecraft:walk_one_cm":660299,"minecraft:drop":60,"minecraft:talked_to_villager":7,"minecraft:play_time":135483,"minecraft:deaths":5,"minecraft:sneak_time":2205,"minecraft:walk_under_water_one_cm":10900,"minecraft:jump":2591,"minecraft:walk_on_water_one_cm":20330,"minecraft:total_world_time":135483,"minecraft:interact_with_furnace":22,"minecraft:traded_with_villager":3,"minecraft:sleep_in_bed":2,"minecraft:time_since_rest":1,"minecraft:waystone_activated":2,"minecraft:damage_taken":2147483647,"minecraft:damage_dealt":6488,"minecraft:swim_one_cm":179695,"minecraft:fly_one_cm":486977,"minecraft:open_chest":55,"minecraft:crouch_one_cm":8818,"tombstone:undead_killed":10,"minecraft:fall_one_cm":64021},"minecraft:used":{"dungeonsweaponry:double_axe":24,"minecraft:azalea":4,"minecraft:oak_fence":1,"minecraft:iron_shovel":16,"minecraft:white_tulip":4,"farmersdelight:stove":2,"minecraft:iron_sword":50,"minecraft:oak_door":1,"minecraft:torch":52,"minecraft:dirt":32,"minecraft:carrot":10,"minecraft:iron_hoe":90,"minecraft:iron_axe":92,"minecraft:birch_sapling":1,"minecraft:iron_helmet":1,"minecraft:iron_boots":1,"minecraft:stone_bricks":7,"farmersdelight:cutting_board":1,"minecraft:magma_block":1,"minecraft:furnace":2,"farmersdelight:cooking_pot":1,"tombstone:gift":2,"minecraft:potato":78,"farmersdelight:tomato_seeds":1,"minecraft:pumpkin":7,"farmersdelight:hamburger":1,"minecraft:wheat_seeds":20,"farmersdelight:iron_knife":9,"minecraft:water_bucket":5,"minecraft:cobblestone_stairs":1,"farmersdelight:skillet":1,"minecraft:oak_planks":4,"minecraft:stone_pickaxe":78,"minecraft:stonecutter":2,"minecraft:sugar_cane":7,"minecraft:orange_tulip":14,"minecraft:wooden_pickaxe":3,"minecraft:crafting_table":7,"minecraft:white_bed":4,"minecraft:smoker":1,"minecraft:oak_log":17,"waystones:waystone":2,"minecraft:wooden_hoe":56,"nec:oak_chest":2,"minecraft:bread":48,"minecraft:iron_pickaxe":117,"minecraft:stone_axe":23,"minecraft:cobblestone":8,"minecraft:bucket":5,"minecraft:birch_log":5,"minecraft:bone_meal":21}},"DataVersion":3465}