{"stats":{"minecraft:killed":{"minecraft:zombie":1,"minecraft:cow":4},"minecraft:mined":{"minecraft:diamond_ore":1,"minecraft:cherry_log":6,"minecraft:crafting_table":6,"minecraft:granite":3,"minecraft:grass_block":6,"minecraft:copper_ore":3,"minecraft:cobblestone":1,"minecraft:deepslate_gold_ore":4,"minecraft:sugar_cane":3,"minecraft:diorite":2,"minecraft:wall_torch":2,"minecraft:hay_block":17,"minecraft:redstone_ore":1,"minecraft:furnace":4,"minecraft:iron_ore":46,"minecraft:deepslate_lapis_ore":1,"minecraft:grass":3,"minecraft:pointed_dripstone":5,"minecraft:coal_ore":19,"minecraft:deepslate_iron_ore":1,"minecraft:sunflower":1,"minecraft:dripstone_block":2,"minecraft:cobweb":1,"minecraft:stone":113,"minecraft:deepslate":4},"minecraft:custom":{"minecraft:interact_with_furnace":28,"minecraft:mob_kills":5,"minecraft:interact_with_crafting_table":18,"minecraft:leave_game":2,"minecraft:time_since_death":34785,"minecraft:sleep_in_bed":1,"minecraft:time_since_rest":31941,"minecraft:sprint_one_cm":120578,"minecraft:damage_taken":376,"minecraft:walk_one_cm":107179,"minecraft:damage_dealt":806,"minecraft:swim_one_cm":1658,"minecraft:fly_one_cm":142687,"minecraft:crouch_one_cm":3265,"minecraft:play_time":34785,"minecraft:sneak_time":1276,"minecraft:walk_under_water_one_cm":499,"minecraft:jump":742,"minecraft:walk_on_water_one_cm":2100,"minecraft:total_world_time":34785,"minecraft:fall_one_cm":22961},"minecraft:used":{"minecraft:stone_sword":11,"minecraft:stone_pickaxe":108,"minecraft:wooden_pickaxe":5,"minecraft:iron_sword":5,"minecraft:torch":41,"minecraft:dirt":4,"minecraft:crafting_table":6,"minecraft:sunflower":1,"minecraft:bread":3,"minecraft:iron_pickaxe":101,"minecraft:iron_helmet":1,"minecraft:stone_axe":6,"minecraft:cobblestone":82,"minecraft:furnace":4,"minecraft:egg":3,"minecraft:cooked_beef":6,"minecraft:iron_leggings":1},"minecraft:crafted":{"minecraft:cooked_beef":6,"minecraft:cherry_planks":24,"minecraft:crafting_table":1,"minecraft:wooden_pickaxe":1,"minecraft:iron_helmet":1,"minecraft:iron_sword":1,"minecraft:furnace":1,"minecraft:bone_meal":3,"minecraft:stone_axe":1,"minecraft:bread":51,"minecraft:air":0,"minecraft:iron_boots":1,"minecraft:iron_chestplate":1,"minecraft:shield":1,"minecraft:stick":20,"minecraft:iron_ingot":29,"minecraft:iron_pickaxe":1,"minecraft:stone_pickaxe":1,"minecraft:stone_sword":1,"minecraft:iron_leggings":1,"minecraft:torch":40,"minecraft:wheat":153},"minecraft:picked_up":{"minecraft:crafting_table":6,"minecraft:leather":2,"minecraft:lapis_lazuli":7,"minecraft:dirt":9,"minecraft:raw_copper":9,"minecraft:bone":1,"minecraft:wheat_seeds":2,"minecraft:cobbled_deepslate":8,"minecraft:raw_gold":4,"minecraft:iron_ingot":1,"minecraft:beef":7,"minecraft:sugar_cane":8,"minecraft:egg":3,"minecraft:furnace":4,"minecraft:raw_iron":73,"minecraft:torch":2,"minecraft:dripstone_block":2,"minecraft:cherry_log":6,"minecraft:pointed_dripstone":6,"minecraft:diorite":2,"minecraft:redstone":4,"minecraft:diamond":1,"minecraft:hay_block":17,"minecraft:granite":3,"minecraft:coal":52,"minecraft:cobblestone":114,"minecraft:sunflower":1}},"DataVersion":3465}