{"stats":{"minecraft:picked_up":{"minecraft:magma_block":1,"minecraft:crafting_table":1,"minecraft:wheat":1,"minecraft:stone_slab":1,"minecraft:potato":1,"minecraft:oak_log":6,"farmersdelight:skillet":1,"farmersdelight:cutting_board":1,"farmersdelight:flint_knife":1,"skilltree:gem":9,"minecraft:dirt":2,"minecraft:lantern":1,"minecraft:cooked_salmon":2,"minecraft:bone":2,"minecraft:stonecutter":1,"farmersdelight:beef_patty":2,"minecraft:wheat_seeds":9,"mysticalagriculture:inferium_essence":2,"minecraft:white_tulip":4,"farmersdelight:straw":2,"aquaculture:minnow":5,"minecraft:birch_sapling":1,"minecraft:raw_iron":26,"farmersdelight:minced_beef":2,"minecraft:torch":1,"minecraft:bowl":1,"minecraft:oak_pressure_plate":2,"minecraft:porkchop":3,"tombstone:grave_dust":2,"minecraft:white_bed":1,"minecraft:carrot":1,"minecraft:arrow":1,"minecraft:hay_block":26,"minecraft:coal":26,"minecraft:cobblestone":28,"iceandfire:raw_silver":2},"minecraft:killed":{"minecraft:skeleton":1,"minecraft:zombie":1,"bloomingnature:boar":2},"minecraft:custom":{"minecraft:interact_with_furnace":14,"minecraft:mob_kills":4,"minecraft:interact_with_crafting_table":13,"minecraft:time_since_death":13251,"minecraft:climb_one_cm":223,"minecraft:time_since_rest":12838,"minecraft:sprint_one_cm":77862,"minecraft:damage_taken":436,"minecraft:walk_one_cm":177155,"minecraft:drop":23,"minecraft:damage_dealt":629,"minecraft:talked_to_villager":1,"minecraft:swim_one_cm":16005,"minecraft:fly_one_cm":78407,"minecraft:open_chest":3,"minecraft:crouch_one_cm":4036,"minecraft:play_time":23152,"tombstone:undead_killed":2,"minecraft:deaths":1,"minecraft:sneak_time":883,"minecraft:walk_under_water_one_cm":3432,"minecraft:jump":393,"minecraft:walk_on_water_one_cm":3650,"minecraft:total_world_time":23152,"minecraft:fall_one_cm":6103},"minecraft:used":{"minecraft:wheat_seeds":7,"farmersdelight:iron_knife":7,"minecraft:white_tulip":4,"minecraft:stone_pickaxe":78,"minecraft:wooden_pickaxe":3,"minecraft:torch":17,"minecraft:crafting_table":2,"minecraft:wooden_hoe":39,"minecraft:birch_sapling":1,"minecraft:bread":5,"minecraft:iron_pickaxe":29,"minecraft:iron_boots":1,"minecraft:stone_axe":8,"minecraft:cobblestone":5,"minecraft:furnace":2,"minecraft:bone_meal":3},"minecraft:dropped":{"iceandfire:raw_silver":2,"minecraft:wheat_seeds":2,"minecraft:oak_pressure_plate":2,"alexsmobs:animal_dictionary":1,"weaponmaster:tutorialbook":1,"minecraft:birch_sapling":1,"minecraft:lantern":1,"minecraft:stone_slab":1,"patchouli:guide_book":1,"minecraft:dirt":2,"minecraft:cornflower":1,"mysticalagriculture:inferium_essence":2,"skilltree:gem":6,"tombstone:grave_dust":2,"minecraft:arrow":1},"minecraft:crafted":{"minecraft:oak_planks":24,"minecraft:cooked_porkchop":4,"minecraft:crafting_table":1,"minecraft:wooden_pickaxe":1,"minecraft:cooked_chicken":1,"minecraft:furnace":2,"minecraft:bone_meal":6,"minecraft:stone_axe":1,"minecraft:bread":39,"minecraft:air":0,"minecraft:iron_boots":1,"minecraft:iron_chestplate":1,"minecraft:wooden_hoe":1,"minecraft:stick":16,"minecraft:iron_ingot":22,"minecraft:iron_pickaxe":1,"minecraft:stone_pickaxe":1,"minecraft:iron_leggings":1,"minecraft:torch":16,"minecraft:wheat":234},"minecraft:mined":{"minecraft:white_bed":1,"iceandfire:silver_ore":2,"farmersdelight:wild_carrots":1,"minecraft:crafting_table":1,"minecraft:grass_block":2,"minecraft:stone_slab":1,"minecraft:oak_pressure_plate":2,"minecraft:tall_grass":4,"minecraft:hay_block":26,"farmersdelight:skillet":1,"minecraft:magma_block":1,"minecraft:iron_ore":27,"farmersdelight:cutting_board":1,"minecraft:birch_leaves":6,"minecraft:grass":37,"minecraft:coal_ore":26,"minecraft:oak_log":6,"minecraft:flowering_azalea_leaves":1,"minecraft:azalea_leaves":2,"minecraft:stone":28,"minecraft:stonecutter":1,"minecraft:white_tulip":4,"farmersdelight:wild_potatoes":1},"minecraft:killed_by":{"minecraft:spider":1}},"DataVersion":3465}