{"stats":{"minecraft:broken":{"minecraft:leather_leggings":1,"minecraft:iron_chestplate":1,"minecraft:stone_pickaxe":1,"minecraft:diamond_boots":1,"minecraft:iron_pickaxe":1,"minecraft:iron_helmet":1},"minecraft:custom":{"minecraft:inspect_dropper":8,"minecraft:mob_kills":34,"minecraft:inspect_hopper":6,"minecraft:interact_with_crafting_table":36,"minecraft:eat_cake_slice":2,"minecraft:leave_game":6,"minecraft:time_since_death":39686,"minecraft:climb_one_cm":4816,"minecraft:sprint_one_cm":631311,"minecraft:walk_one_cm":496738,"minecraft:damage_blocked_by_shield":2147483647,"minecraft:drop":62,"minecraft:talked_to_villager":3,"minecraft:play_time":231484,"minecraft:sneak_time":18333,"minecraft:deaths":28,"minecraft:walk_under_water_one_cm":120640,"minecraft:jump":3950,"minecraft:walk_on_water_one_cm":54647,"minecraft:total_world_time":231484,"minecraft:interact_with_furnace":32,"minecraft:tune_noteblock":19,"minecraft:sleep_in_bed":6,"minecraft:time_since_rest":4235,"minecraft:waystone_activated":1,"minecraft:damage_taken":2147483647,"minecraft:trigger_trapped_chest":1,"minecraft:damage_dealt":9083,"minecraft:swim_one_cm":113305,"minecraft:fly_one_cm":664995,"minecraft:open_chest":66,"minecraft:crouch_one_cm":55274,"tombstone:undead_killed":12,"minecraft:fall_one_cm":124178,"minecraft:inspect_dispenser":9},"minecraft:used":{"minecraft:azalea":3,"minecraft:stripped_acacia_wood":1,"minecraft:tropical_fish":2,"minecraft:spruce_planks":5,"minecraft:shield":28,"minecraft:iron_sword":194,"minecraft:player_head":1,"minecraft:rotten_flesh":3,"minecraft:iron_chestplate":1,"minecraft:torch":44,"minecraft:dirt":21,"minecraft:big_dripleaf":3,"minecraft:shroomlight":1,"aquaculture:muskellunge":1,"minecraft:flowering_azalea":1,"minecraft:spruce_wood":1,"minecraft:iron_helmet":1,"dungeonsweaponry:dagger":6,"minecraft:bamboo":1,"minecraft:stone_bricks":5,"minecraft:light_gray_wool":1,"farmersdelight:cutting_board":2,"minecraft:acacia_wood":1,"tombstone:gift":7,"minecraft:furnace":3,"minecraft:pumpkin":1,"vinery:red_grape":1,"minecraft:acacia_planks":13,"minecraft:water_bucket":42,"farmersdelight:iron_knife":2,"minecraft:diamond_boots":1,"nethersdelight:hoglin_loin":4,"minecraft:stone_pickaxe":220,"dungeonsweaponry:glaive":59,"minecraft:oak_planks":43,"minecraft:cauldron":1,"minecraft:wooden_pickaxe":15,"farmersdelight:pumpkin_slice":28,"minecraft:cobblestone_slab":2,"regions_unexplored:tsubaki":2,"minecraft:glow_berries":1,"minecraft:crafting_table":5,"regions_unexplored:magnolia_shrub":1,"culturaldelights:squid":2,"minecraft:dark_prismarine":12,"minecraft:cornflower":1,"minecraft:firework_rocket":2,"minecraft:iron_pickaxe":245,"aquaculture:carp":1,"minecraft:melon_slice":3,"minecraft:bread":15,"minecraft:map":1,"tombstone:magic_scroll":1,"minecraft:stone_slab":3,"adorn:guide_book":1,"aquaculture:gar":1,"minecraft:spruce_sapling":1,"nethersdelight:hoglin_sirloin":5,"minecraft:stone_axe":101,"minecraft:potion":1,"travelersbackpack:magma_cube":1,"minecraft:cobblestone":146,"aquaculture:smallmouth_bass":1,"minecraft:bucket":42,"minecraft:coarse_dirt":1,"aquaculture:perch":2},"minecraft:killed_by":{"minecraft:wither_skeleton":4,"minecraft:creeper":2,"dungeonsweaponry:nameless_one":6,"dungeonsweaponry:vanguard":3,"alexsmobs:bald_eagle":1,"minecraft:hoglin":1,"minecraft:zombie":1},"minecraft:dropped":{"minecraft:enchanted_book":2,"minecraft:wheat_seeds":11,"minecraft:glass_bottle":1,"minecraft:coal":1,"farmersdelight:rice":2,"regions_unexplored:magnolia_sapling":1,"minecraft:stick":2,"minecraft:polished_andesite":2,"minecraft:flint":1,"tombstone:grave_key":1,"minecraft:mutton":1,"minecraft:wooden_axe":1,"tombstone:grave_dust":7,"minecraft:sand":21,"minecraft:smooth_sandstone":3,"minecraft:string":1,"minecraft:dark_oak_planks":1,"minecraft:bone":10,"vinery:red_grape_seeds":3,"minecraft:coarse_dirt":1,"tombstone:gift":1,"minecraft:stone_shovel":1,"minecraft:rotten_flesh":2,"dungeonsweaponry:glaive":1,"minecraft:filled_map":2,"minecraft:mossy_stone_bricks":1,"minecraft:azalea":1,"bloomingnature:begonie":1,"minecraft:bamboo":10,"minecraft:arrow":2,"minecraft:dark_prismarine":3},"minecraft:killed":{"bloomingnature:deer":1,"dungeonsweaponry:vanguard":3,"minecraft:spider":1,"aquaculture:gar":1,"aquaculture:smallmouth_bass":1,"bloomingnature:turkey":1,"aquaculture:muskellunge":1,"minecraft:skeleton":1,"aquaculture:perch":2,"minecraft:drowned":1,"crittersandcompanions:otter":1,"aquaculture:carp":1,"minecraft:zombie_villager":1,"minecraft:squid":2,"minecraft:zombie":3,"minecraft:glow_squid":1,"minecraft:wither_skeleton":6},"minecraft:picked_up":{"minecraft:wooden_axe":1,"nethersdelight:hoglin_loin":16,"minecraft:coarse_dirt":2,"minecraft:crafting_table":2,"vinery:red_grape":1,"minecraft:chicken":1,"minecraft:leather_leggings":1,"minecraft:stone_slab":3,"vinery:red_grape_seeds":2,"minecraft:enchanted_book":2,"regions_unexplored:magnolia_shrub":1,"farmersdelight:cutting_board":1,"minecraft:cornflower":1,"minecraft:string":11,"aquaculture:muskellunge":1,"bloomingnature:begonie":1,"minecraft:shroomlight":1,"mysticalagriculture:inferium_essence":29,"minecraft:spruce_planks":5,"minecraft:cobblestone_slab":2,"minecraft:player_head":1,"minecraft:azalea":4,"minecraft:iron_nugget":1,"minecraft:light_gray_wool":1,"minecraft:melon_slice":3,"minecraft:furnace":1,"crittersandcompanions:clam":1,"minecraft:egg":7,"minecraft:tipped_arrow":1,"minecraft:hoglin_spawn_egg":1,"minecraft:stick":2,"minecraft:raw_iron":28,"minecraft:big_dripleaf":4,"minecraft:torch":8,"aquaculture:perch":2,"tombstone:grave_dust":4,"minecraft:cauldron":1,"minecraft:dark_oak_planks":1,"minecraft:stone_shovel":1,"minecraft:arrow":5,"minecraft:rotten_flesh":8,"crittersandcompanions:dragonfly_wing":1,"regions_unexplored:tsubaki":5,"minecraft:tropical_fish":1,"minecraft:diamond_boots":1,"crittersandcompanions:silk":7,"culturaldelights:squid":2,"aquaculture:carp":1,"minecraft:glow_berries":1,"crittersandcompanions:otter_spawn_egg":1,"minecraft:mutton":7,"regions_unexplored:magnolia_sapling":1,"minecraft:cobblestone":283,"minecraft:mossy_cobblestone_slab":1,"minecraft:air":0,"farmersdelight:rice":1,"minecraft:andesite":1,"minecraft:acacia_wood":3,"minecraft:flint":2,"minecraft:oak_log":43,"skilltree:gem":18,"travelersbackpack:magma_cube":1,"minecraft:dirt":36,"tombstone:gift":2,"culturaldelights:glow_squid":5,"irons_spellbooks:hogskin":3,"minecraft:smooth_sandstone":2,"minecraft:bone":81,"minecraft:acacia_planks":5,"minecraft:stone_bricks":16,"minecraft:wheat_seeds":15,"farmersdelight:pumpkin_slice":36,"minecraft:rabbit_hide":3,"minecraft:spruce_wood":1,"minecraft:mossy_stone_bricks":1,"minecraft:bamboo":16,"minecraft:oak_planks":1,"minecraft:flowering_azalea":1,"aquaculture:smallmouth_bass":1,"aquaculture:gar":1,"minecraft:pumpkin":9,"minecraft:stripped_acacia_wood":1,"minecraft:gravel":4,"minecraft:sand":17,"minecraft:spruce_sapling":1,"minecraft:spider_eye":3,"minecraft:mossy_cobblestone":7,"minecraft:dark_prismarine":15,"minecraft:wither_skeleton_spawn_egg":2,"minecraft:polished_andesite":2,"minecraft:stone_axe":1,"regions_unexplored:clover":13,"dungeonsweaponry:glaive":3,"alexsmobs:banana_slug_slime":1,"tombstone:magic_scroll":1,"minecraft:coal":122},"minecraft:crafted":{"minecraft:oak_planks":172,"minecraft:furnace":2,"nethersdelight:hoglin_sirloin":12,"minecraft:stone_pickaxe":2,"minecraft:crafting_table":3,"farmersdelight:iron_knife":1,"minecraft:iron_helmet":1,"minecraft:wooden_pickaxe":1,"minecraft:iron_sword":1,"minecraft:bucket":1,"minecraft:stone_axe":2,"minecraft:air":0,"dungeonsweaponry:dagger":1,"farmersdelight:cutting_board":1,"minecraft:iron_chestplate":1,"minecraft:shield":1,"minecraft:stick":28,"dungeonsweaponry:glaive":1,"minecraft:iron_ingot":24,"minecraft:iron_pickaxe":1,"minecraft:acacia_planks":8,"minecraft:torch":36},"minecraft:mined":{"minecraft:dark_prismarine":13,"minecraft:spruce_planks":5,"minecraft:mossy_cobblestone":8,"minecraft:cave_vines_plant":1,"minecraft:grass_block":9,"minecraft:infested_cobblestone":2,"minecraft:redstone_wire":1,"minecraft:hopper":1,"minecraft:chiseled_stone_bricks":1,"minecraft:sandstone":1,"minecraft:spawner":4,"minecraft:large_fern":2,"minecraft:tall_seagrass":2,"minecraft:mossy_cobblestone_slab":1,"minecraft:furnace":1,"minecraft:iron_ore":28,"minecraft:fire":2,"minecraft:acacia_wood":3,"minecraft:andesite":1,"minecraft:pumpkin":9,"alexsmobs:crocodile_egg":1,"minecraft:flowering_azalea_leaves":2,"minecraft:vine":1,"minecraft:cobblestone_slab":2,"minecraft:shroomlight":1,"crittersandcompanions:silk_cocoon":2,"minecraft:bamboo":1,"minecraft:azalea_leaves":4,"minecraft:spruce_wood":1,"minecraft:stone":252,"minecraft:redstone_wall_torch":1,"minecraft:tripwire":12,"minecraft:acacia_leaves":1,"minecraft:comparator":1,"minecraft:cornflower":2,"minecraft:smooth_sandstone":3,"minecraft:crafting_table":2,"minecraft:torch":6,"minecraft:melon":1,"minecraft:stone_slab":3,"minecraft:tall_grass":9,"minecraft:cobblestone":32,"minecraft:oak_planks":2,"minecraft:wall_torch":2,"minecraft:big_dripleaf":2,"minecraft:cauldron":1,"minecraft:seagrass":1,"minecraft:coarse_dirt":1,"bloomingnature:begonie":1,"farmersdelight:cutting_board":1,"minecraft:light_gray_wool":1,"minecraft:grass":10,"regions_unexplored:magnolia_shrub":1,"minecraft:oak_log":44,"minecraft:coal_ore":75,"vinery:jungle_grape_bush_white":1,"minecraft:gravel":4,"minecraft:sand":8,"minecraft:dirt":3,"minecraft:acacia_planks":5,"minecraft:stripped_acacia_wood":1,"minecraft:stone_bricks":17,"minecraft:polished_andesite":2,"minecraft:small_dripleaf":1,"minecraft:mossy_stone_bricks":3,"minecraft:oak_leaves":6,"minecraft:fern":2,"minecraft:dark_oak_planks":1}},"DataVersion":3465}