{"stats":{"minecraft:picked_up":{"minecraft:coarse_dirt":1,"minecraft:crafting_table":2,"minecraft:air":0,"iceandfire:witherbone":27,"minecraft:stone_slab":1,"minecraft:oak_log":21,"regions_unexplored:magnolia_shrub":1,"farmersdelight:cutting_board":1,"minecraft:dirt":16,"skilltree:gem":4,"aquaculture:muskellunge":1,"minecraft:bone":72,"mysticalagriculture:inferium_essence":20,"farmersdelight:pumpkin_slice":24,"minecraft:azalea":3,"minecraft:flowering_azalea":1,"crittersandcompanions:clam":1,"minecraft:furnace":1,"minecraft:stick":1,"minecraft:raw_iron":6,"aquaculture:smallmouth_bass":1,"aquaculture:gar":1,"minecraft:pumpkin":9,"minecraft:torch":2,"aquaculture:perch":2,"tombstone:grave_dust":2,"minecraft:wither_skeleton_spawn_egg":2,"minecraft:arrow":1,"minecraft:rotten_flesh":3,"culturaldelights:squid":2,"aquaculture:carp":1,"tombstone:magic_scroll":1,"crittersandcompanions:otter_spawn_egg":1,"minecraft:coal":84,"minecraft:cobblestone":23},"minecraft:killed":{"minecraft:zombie_villager":1,"aquaculture:gar":1,"aquaculture:smallmouth_bass":1,"minecraft:squid":2,"aquaculture:muskellunge":1,"minecraft:skeleton":1,"minecraft:zombie":1,"crittersandcompanions:otter":1,"aquaculture:perch":2,"minecraft:drowned":1,"aquaculture:carp":1},"minecraft:custom":{"minecraft:interact_with_furnace":8,"minecraft:mob_kills":13,"minecraft:interact_with_crafting_table":13,"minecraft:leave_game":1,"minecraft:time_since_death":7198,"minecraft:time_since_rest":6005,"minecraft:sprint_one_cm":109742,"minecraft:damage_taken":910,"minecraft:walk_one_cm":91197,"minecraft:damage_dealt":1695,"minecraft:swim_one_cm":29640,"minecraft:fly_one_cm":121136,"minecraft:open_chest":1,"minecraft:sneak_time":1754,"minecraft:crouch_one_cm":4682,"minecraft:play_time":25226,"tombstone:undead_killed":4,"minecraft:deaths":2,"minecraft:walk_under_water_one_cm":13639,"minecraft:jump":687,"minecraft:walk_on_water_one_cm":7258,"minecraft:total_world_time":25226,"minecraft:fall_one_cm":20700},"minecraft:used":{"minecraft:azalea":3,"minecraft:stone_pickaxe":60,"minecraft:wooden_pickaxe":15,"farmersdelight:pumpkin_slice":5,"minecraft:rotten_flesh":3,"minecraft:torch":4,"minecraft:dirt":8,"minecraft:crafting_table":3,"regions_unexplored:magnolia_shrub":1,"culturaldelights:squid":2,"aquaculture:muskellunge":1,"minecraft:flowering_azalea":1,"aquaculture:carp":1,"tombstone:magic_scroll":1,"minecraft:stone_slab":1,"dungeonsweaponry:dagger":3,"aquaculture:gar":1,"minecraft:stone_axe":57,"farmersdelight:cutting_board":1,"minecraft:furnace":2,"aquaculture:smallmouth_bass":1,"tombstone:gift":2,"aquaculture:perch":2},"minecraft:crafted":{"minecraft:oak_planks":80,"minecraft:crafting_table":2,"farmersdelight:iron_knife":1,"minecraft:wooden_pickaxe":1,"minecraft:furnace":2,"minecraft:stone_axe":1,"minecraft:air":0,"dungeonsweaponry:dagger":1,"farmersdelight:cutting_board":1,"minecraft:stick":12,"minecraft:iron_ingot":6,"minecraft:stone_pickaxe":1,"minecraft:torch":12},"minecraft:mined":{"minecraft:crafting_table":2,"minecraft:cornflower":1,"minecraft:torch":1,"minecraft:grass_block":4,"minecraft:stone_slab":1,"minecraft:wall_torch":1,"minecraft:coarse_dirt":1,"minecraft:furnace":1,"minecraft:iron_ore":6,"farmersdelight:cutting_board":1,"minecraft:pumpkin":9,"regions_unexplored:magnolia_shrub":1,"minecraft:grass":1,"minecraft:coal_ore":38,"minecraft:oak_log":22,"minecraft:flowering_azalea_leaves":2,"minecraft:azalea_leaves":1,"minecraft:stone":23},"minecraft:killed_by":{"alexsmobs:bald_eagle":1}},"DataVersion":3465}