{"stats":{"minecraft:used":{"minecraft:mangrove_roots":1},"minecraft:custom":{"minecraft:jump":31,"minecraft:time_since_rest":11741,"minecraft:crouch_one_cm":13,"minecraft:walk_one_cm":4473,"minecraft:sprint_one_cm":5197,"minecraft:play_time":12239,"minecraft:damage_taken":370,"minecraft:time_since_death":11104,"minecraft:deaths":1,"minecraft:sneak_time":13,"minecraft:climb_one_cm":2081,"minecraft:total_world_time":12239,"minecraft:fall_one_cm":6938,"minecraft:fly_one_cm":4859},"minecraft:mined":{"minecraft:mangrove_roots":1},"minecraft:picked_up":{"minecraft:mangrove_roots":1}},"DataVersion":3465}