{"stats":{"minecraft:picked_up":{"minecraft:birch_log":13,"minecraft:crafting_table":1,"minecraft:leather":9,"aether:iron_gloves":2,"minecraft:birch_planks":1,"minecraft:oak_log":47,"skilltree:gem":4,"minecraft:cornflower":1,"minecraft:dirt":1,"minecraft:iron_leggings":2,"minecraft:acacia_planks":8,"mysticalagriculture:inferium_essence":2,"minecraft:spruce_wood":4,"minecraft:white_tulip":1,"minecraft:beef":19,"minecraft:azalea":2,"minecraft:chest":1,"minecraft:oak_planks":7,"minecraft:dark_oak_stairs":1,"minecraft:furnace":1,"minecraft:raw_iron":6,"minecraft:pig_spawn_egg":1,"minecraft:stripped_acacia_wood":12,"minecraft:porkchop":16,"minecraft:spruce_log":6,"minecraft:carrot":31,"minecraft:cyan_bed":1,"minecraft:dark_oak_planks":5,"minecraft:diamond":1,"waystones:waystone":2,"minecraft:bread":1,"minecraft:gold_ingot":1,"minecraft:obsidian":4,"minecraft:coal":19,"minecraft:cobblestone":18},"minecraft:killed":{"minecraft:pig":6,"minecraft:cow":8},"minecraft:used":{"minecraft:stone_sword":42,"minecraft:birch_planks":48,"minecraft:stone_pickaxe":43,"minecraft:oak_planks":171,"minecraft:spruce_planks":13,"minecraft:chest":1,"minecraft:wooden_pickaxe":3,"minecraft:iron_sword":16,"minecraft:crafting_table":2,"minecraft:carrot":2,"minecraft:iron_axe":16,"minecraft:stone_axe":101,"minecraft:furnace":1,"minecraft:cooked_beef":2},"minecraft:custom":{"minecraft:interact_with_furnace":4,"minecraft:mob_kills":15,"minecraft:interact_with_crafting_table":8,"minecraft:interact_with_loom":1,"minecraft:leave_game":1,"minecraft:time_since_death":831,"minecraft:time_since_rest":1,"minecraft:sprint_one_cm":57064,"minecraft:damage_taken":379,"minecraft:walk_one_cm":89928,"minecraft:drop":12,"minecraft:damage_dealt":2093,"minecraft:talked_to_villager":1,"minecraft:fly_one_cm":34205,"minecraft:open_chest":17,"minecraft:crouch_one_cm":13671,"minecraft:play_time":24837,"minecraft:deaths":1,"minecraft:sneak_time":2533,"minecraft:jump":408,"minecraft:walk_on_water_one_cm":45,"minecraft:total_world_time":24837,"minecraft:fall_one_cm":3601},"minecraft:dropped":{"minecraft:white_tulip":1,"minecraft:stone_axe":1,"minecraft:dark_oak_stairs":1,"minecraft:stripped_acacia_wood":6,"minecraft:dirt":1,"aether:iron_gloves":1,"minecraft:cornflower":1,"minecraft:azalea":2,"minecraft:iron_leggings":1,"minecraft:cyan_bed":1,"minecraft:acacia_planks":4},"minecraft:crafted":{"minecraft:cooked_beef":12,"minecraft:oak_planks":188,"minecraft:stone_shovel":1,"minecraft:crafting_table":1,"minecraft:spruce_planks":32,"minecraft:wooden_pickaxe":1,"minecraft:furnace":1,"minecraft:birch_planks":52,"minecraft:stone_axe":1,"minecraft:air":0,"minecraft:shield":1,"minecraft:iron_axe":1,"minecraft:stick":16,"minecraft:iron_ingot":6,"minecraft:stone_pickaxe":1,"minecraft:wooden_axe":1,"minecraft:stone_sword":1},"minecraft:mined":{"minecraft:dark_oak_planks":5,"minecraft:dark_prismarine":7,"minecraft:crafting_table":1,"minecraft:grass_block":1,"minecraft:spruce_fence":1,"minecraft:chest":1,"minecraft:spruce_leaves":3,"minecraft:cyan_bed":1,"minecraft:oak_planks":8,"minecraft:birch_planks":1,"minecraft:furnace":1,"minecraft:carrots":1,"minecraft:birch_log":13,"minecraft:iron_ore":6,"minecraft:spruce_log":6,"minecraft:birch_leaves":2,"minecraft:dark_oak_stairs":1,"minecraft:grass":3,"minecraft:coal_ore":11,"minecraft:oak_log":50,"minecraft:flowering_azalea_leaves":2,"minecraft:spruce_wood":4,"minecraft:azalea_leaves":10,"minecraft:acacia_planks":4,"minecraft:white_tulip":1,"minecraft:stripped_acacia_wood":8,"minecraft:stone":18},"minecraft:killed_by":{"minecraft:wither_skeleton":1}},"DataVersion":3465}