{"stats":{"minecraft:crafted":{"dungeonsweaponry:longbow":1,"minecraft:wooden_sword":1,"minecraft:oak_planks":284,"minecraft:stone_shovel":1,"minecraft:furnace":1,"minecraft:yellow_bed":1,"minecraft:iron_axe":1,"minecraft:stone_pickaxe":3,"minecraft:dark_oak_planks":8,"regions_unexplored:magnolia_planks":224,"regions_unexplored:redwood_stairs":4,"minecraft:cooked_beef":12,"minecraft:crafting_table":7,"minecraft:spruce_planks":32,"minecraft:wooden_pickaxe":4,"minecraft:bucket":1,"minecraft:birch_planks":52,"minecraft:stone_axe":3,"minecraft:air":0,"minecraft:jungle_planks":8,"regions_unexplored:redwood_planks":44,"minecraft:diamond_pickaxe":1,"minecraft:shield":1,"minecraft:stick":48,"dungeonsweaponry:glaive":6,"minecraft:iron_ingot":9,"minecraft:wooden_axe":3,"minecraft:stone_sword":1,"minecraft:acacia_planks":20},"minecraft:broken":{"minecraft:iron_leggings":1,"minecraft:netherite_boots":1},"minecraft:used":{"minecraft:stripped_acacia_wood":3,"minecraft:iron_bars":1,"minecraft:stone_sword":42,"minecraft:white_tulip":1,"tombstone:scroll_of_frost_resistance":1,"minecraft:chest":1,"minecraft:spruce_planks":14,"minecraft:iron_sword":95,"minecraft:oak_door":1,"minecraft:dirt":9,"minecraft:carrot":12,"tetra:scroll_rolled":1,"minecraft:obsidian":4,"minecraft:spruce_fence":1,"minecraft:dark_oak_planks":10,"minecraft:wooden_axe":24,"minecraft:smooth_sandstone":2,"minecraft:lantern":2,"minecraft:iron_axe":56,"minecraft:stone_brick_stairs":5,"minecraft:stone_bricks":55,"minecraft:furnace":2,"tombstone:gift":2,"minecraft:cooked_beef":12,"minecraft:acacia_planks":22,"minecraft:pumpkin":1,"minecraft:water_bucket":30,"minecraft:mossy_stone_bricks":4,"minecraft:birch_planks":54,"minecraft:stone_pickaxe":248,"dungeonsweaponry:glaive":53,"minecraft:oak_planks":261,"minecraft:orange_tulip":1,"minecraft:smooth_sandstone_slab":1,"minecraft:wooden_pickaxe":14,"minecraft:cracked_stone_bricks":2,"regions_unexplored:redwood_planks":26,"dungeonsweaponry:hammer_of_gravity":30,"tombstone:scroll_of_feather_fall":2,"minecraft:crafting_table":13,"minecraft:crossbow":2,"regions_unexplored:magnolia_shrub":3,"regions_unexplored:magnolia_planks":143,"minecraft:book":4,"minecraft:dark_prismarine":2,"minecraft:hoglin_spawn_egg":1,"minecraft:diamond_pickaxe":7,"minecraft:bread":1,"minecraft:pig_spawn_egg":1,"minecraft:stone_slab":3,"adorn:guide_book":1,"minecraft:chiseled_stone_bricks":1,"minecraft:stone_axe":218,"minecraft:wooden_sword":12,"minecraft:cobblestone":6,"regions_unexplored:redwood_stairs":4,"minecraft:pumpkin_pie":2,"minecraft:bucket":31,"minecraft:yellow_bed":4,"minecraft:experience_bottle":24,"minecraft:azalea":1},"minecraft:dropped":{"minecraft:enchanted_book":2,"minecraft:iron_ingot":7,"minecraft:iron_sword":1,"minecraft:netherite_pickaxe":1,"minecraft:dark_oak_stairs":1,"minecraft:wheat_seeds":1,"weaponmaster:tutorialbook":1,"minecraft:cobblestone":10,"minecraft:apple":3,"nethersdelight:hoglin_loin":8,"minecraft:emerald":2,"minecraft:stick":12,"minecraft:polished_andesite":3,"minecraft:dirt":1,"irons_spellbooks:hogskin":6,"minecraft:cornflower":1,"minecraft:mutton":6,"minecraft:wooden_axe":1,"skilltree:gem":7,"tombstone:grave_dust":1,"minecraft:iron_leggings":1,"minecraft:sand":8,"adorn:guide_book":1,"minecraft:string":1,"minecraft:smooth_sandstone":3,"minecraft:acacia_planks":6,"minecraft:gravel":3,"minecraft:white_tulip":1,"minecraft:furnace":1,"minecraft:stone_axe":3,"minecraft:birch_sapling":3,"minecraft:yellow_wool":3,"minecraft:stone_shovel":1,"dungeonsweaponry:glaive":1,"minecraft:stripped_acacia_wood":6,"regions_unexplored:redwood_planks":8,"patchouli:guide_book":1,"minecraft:chiseled_stone_bricks":1,"aether:iron_gloves":2,"minecraft:spruce_planks":19,"minecraft:andesite":3,"mysticalagriculture:inferium_essence":2,"minecraft:mossy_stone_bricks":1,"minecraft:azalea":3,"minecraft:golden_sword":1,"minecraft:stone_bricks":12,"minecraft:stone_pickaxe":1,"minecraft:stone_brick_stairs":2,"minecraft:cyan_bed":1,"minecraft:hoglin_spawn_egg":2},"minecraft:mined":{"minecraft:dark_prismarine":9,"minecraft:spruce_planks":1,"minecraft:farmland":1,"minecraft:oak_door":1,"minecraft:dark_oak_log":2,"regions_unexplored:magnolia_log":57,"minecraft:grass_block":6,"minecraft:spruce_fence":2,"minecraft:jungle_log":3,"regions_unexplored:magnolia_leaves":1,"minecraft:spruce_leaves":3,"minecraft:acacia_slab":1,"minecraft:chiseled_stone_bricks":7,"minecraft:spawner":4,"mysticalagriculture:inferium_ore":6,"minecraft:furnace":1,"minecraft:carrots":1,"minecraft:iron_ore":12,"minecraft:acacia_wood":5,"minecraft:fire":9,"babyfat:water_lettuce":2,"minecraft:andesite":9,"minecraft:pumpkin":2,"minecraft:dark_oak_stairs":1,"minecraft:flowering_azalea_leaves":4,"minecraft:vine":3,"minecraft:iron_bars":1,"minecraft:lantern":2,"regions_unexplored:medium_grass":2,"minecraft:spruce_wood":4,"minecraft:azalea_leaves":12,"minecraft:white_tulip":3,"minecraft:stone":79,"regions_unexplored:redwood_log":11,"tetra:scroll_rolled":1,"minecraft:smooth_sandstone":7,"minecraft:crafting_table":6,"minecraft:melon":1,"minecraft:chest":1,"minecraft:copper_ore":3,"minecraft:tall_grass":1,"minecraft:stone_slab":2,"minecraft:cobblestone":2,"minecraft:cyan_bed":1,"minecraft:oak_planks":44,"minecraft:smooth_sandstone_slab":1,"minecraft:birch_planks":9,"minecraft:yellow_wool":3,"minecraft:birch_log":13,"minecraft:wheat":1,"minecraft:spruce_log":6,"minecraft:birch_leaves":2,"minecraft:yellow_bed":3,"minecraft:stone_brick_stairs":5,"minecraft:grass":5,"minecraft:coal_ore":11,"minecraft:oak_log":74,"minecraft:dirt":3,"dungeonsweaponry:emerald_pot":8,"minecraft:stripped_acacia_wood":11,"minecraft:cracked_stone_bricks":2,"minecraft:stone_bricks":79,"minecraft:acacia_planks":5,"minecraft:polished_andesite":3,"minecraft:netherrack":1,"minecraft:mossy_stone_bricks":5,"regions_unexplored:magnolia_planks":23,"minecraft:fern":1,"minecraft:dark_oak_planks":7},"minecraft:killed":{"dungeonsweaponry:vanguard":16,"naturalist:snail":1,"minecraft:skeleton":1,"minecraft:pig":6,"minecraft:hoglin":4,"alexsmobs:emu":1,"minecraft:zombie":1,"minecraft:wither_skeleton":1,"minecraft:enderman":1,"minecraft:cow":8},"minecraft:picked_up":{"minecraft:wooden_axe":1,"nethersdelight:hoglin_loin":8,"minecraft:crafting_table":8,"minecraft:wheat":4,"minecraft:nether_wart":5,"minecraft:yellow_wool":6,"regions_unexplored:magnolia_log":56,"minecraft:stone_slab":3,"aether:iron_gloves":2,"minecraft:wooden_pickaxe":3,"vinery:red_grape_seeds":1,"minecraft:enchanted_book":1,"minecraft:stone_brick_stairs":7,"regions_unexplored:magnolia_shrub":3,"minecraft:cornflower":1,"minecraft:string":1,"minecraft:wooden_sword":1,"minecraft:iron_leggings":2,"minecraft:experience_bottle":16,"minecraft:beetroot":2,"minecraft:cracked_stone_bricks":2,"mysticalagriculture:inferium_essence":31,"minecraft:bucket":1,"minecraft:spruce_planks":1,"minecraft:beef":19,"minecraft:white_tulip":2,"minecraft:azalea":4,"regions_unexplored:redwood_planks":8,"minecraft:chest":1,"minecraft:birch_sapling":3,"regions_unexplored:redwood_log":11,"minecraft:furnace":2,"minecraft:raw_iron":12,"adorn:guide_book":1,"minecraft:stick":21,"minecraft:hoglin_spawn_egg":4,"minecraft:oak_door":1,"minecraft:spruce_fence":1,"minecraft:porkchop":16,"minecraft:carrot":51,"minecraft:dark_oak_planks":8,"minecraft:smooth_sandstone_slab":1,"minecraft:arrow":2,"minecraft:beetroot_seeds":4,"minecraft:gold_ingot":5,"minecraft:obsidian":4,"regions_unexplored:magnolia_sapling":4,"minecraft:iron_bars":1,"minecraft:cobblestone":58,"minecraft:birch_log":13,"farmersdelight:rice":1,"minecraft:jungle_log":2,"minecraft:andesite":7,"minecraft:leather":10,"minecraft:acacia_wood":5,"minecraft:potato":22,"minecraft:birch_planks":8,"minecraft:oak_log":71,"minecraft:yellow_bed":4,"skilltree:gem":7,"minecraft:dirt":10,"regions_unexplored:small_oak_sapling":1,"minecraft:lantern":2,"tombstone:gift":1,"irons_spellbooks:hogskin":6,"minecraft:smooth_sandstone":5,"minecraft:bone":31,"tetra:scroll_rolled":2,"minecraft:acacia_planks":8,"minecraft:apple":3,"minecraft:stone_bricks":79,"minecraft:wheat_seeds":19,"minecraft:orange_tulip":1,"regions_unexplored:magnolia_planks":117,"babyfat:water_lettuce":2,"minecraft:spruce_wood":4,"minecraft:iron_ingot":2,"minecraft:stone_pickaxe":2,"weaponmaster:tutorialbook":1,"minecraft:mossy_stone_bricks":5,"minecraft:oak_planks":50,"minecraft:dark_oak_stairs":1,"minecraft:pumpkin":2,"minecraft:chiseled_stone_bricks":2,"minecraft:pig_spawn_egg":1,"minecraft:stripped_acacia_wood":15,"minecraft:poisonous_potato":2,"tombstone:scroll_of_feather_fall":1,"minecraft:gravel":3,"minecraft:sand":8,"minecraft:spruce_log":6,"minecraft:cyan_bed":1,"minecraft:dark_oak_log":2,"minecraft:dark_prismarine":2,"minecraft:polished_andesite":3,"minecraft:diamond":1,"regions_unexplored:willow_shrub":1,"minecraft:stone_axe":2,"tombstone:scroll_of_knowledge":1,"waystones:waystone":3,"minecraft:golden_apple":2,"dungeonsweaponry:glaive":9,"minecraft:emerald":108,"minecraft:bread":1,"minecraft:acacia_slab":2,"minecraft:coal":19},"minecraft:killed_by":{"minecraft:wither_skeleton":2,"minecraft:creeper":1,"dungeonsweaponry:nameless_one":4,"dungeonsweaponry:vanguard":5,"minecraft:hoglin":3,"minecraft:zombie":1},"minecraft:custom":{"minecraft:mob_kills":46,"minecraft:interact_with_crafting_table":33,"minecraft:leave_game":11,"minecraft:time_since_death":18319,"minecraft:climb_one_cm":2317,"minecraft:sprint_one_cm":416300,"minecraft:walk_one_cm":395769,"minecraft:drop":76,"minecraft:talked_to_villager":4,"minecraft:play_time":172531,"minecraft:deaths":19,"minecraft:sneak_time":6369,"minecraft:walk_under_water_one_cm":92130,"minecraft:jump":2599,"minecraft:walk_on_water_one_cm":83568,"minecraft:total_world_time":172531,"minecraft:interact_with_furnace":10,"minecraft:tune_noteblock":5,"minecraft:interact_with_loom":1,"minecraft:sleep_in_bed":3,"minecraft:time_since_rest":18131,"minecraft:damage_taken":2147483647,"minecraft:damage_dealt":13243,"tombstone:cast_on_ally":0,"minecraft:swim_one_cm":44142,"minecraft:fly_one_cm":418710,"minecraft:open_chest":54,"minecraft:crouch_one_cm":26470,"tombstone:undead_killed":3,"minecraft:fall_one_cm":45561}},"DataVersion":3465}