{
  "regions_unexplored:recipes/building_blocks/prismoss": {
    "criteria": {
      "has_stone": "2024-07-29 19:56:23 -0300"
    },
    "done": true
  },
  "incendium:technical/sentrys_wrath": {
    "criteria": {
      "log_spam_fixer": "2024-07-29 19:59:06 -0300"
    },
    "done": false
  },
  "aquaculture:recipes/aquaculture/heavy_hook": {
    "criteria": {
      "has_items": "2024-07-29 19:54:24 -0300"
    },
    "done": true
  },
  "igleelib:recipes/igleelib/lavium_block": {
    "criteria": {
      "unlock": "2024-07-29 19:54:24 -0300"
    },
    "done": true
  },
  "aquaculture:recipes/misc/neptunium_ingot_from_neptunium_block": {
    "criteria": {
      "has_items": "2024-07-29 19:54:24 -0300"
    },
    "done": true
  },
  "create:root": {
    "criteria": {
      "0": "2024-07-29 19:54:24 -0300"
    },
    "done": true
  },
  "create_dd:recipes/create_dd.palettes/cut_stone_brick_wall_from_stone_types_stone_stonecutting": {
    "criteria": {
      "has_stone_types_stone": "2024-07-29 19:56:23 -0300"
    },
    "done": true
  },
  "handcrafted:recipes/misc/creeper_trophy": {
    "criteria": {
      "has_creeper_trophy": "2024-07-29 19:56:23 -0300"
    },
    "done": true
  },
  "undergarden:undergarden/root": {
    "criteria": {
      "tick": "2024-07-29 19:54:30 -0300"
    },
    "done": true
  },
  "1_splatus:ultris/root": {
    "criteria": {
      "c1": "2024-07-29 19:54:30 -0300"
    },
    "done": true
  },
  "minecraft:recipes/decorations/crafting_table": {
    "criteria": {
      "unlock_right_away": "2024-07-29 19:54:30 -0300"
    },
    "done": true
  },
  "naturalist:recipes/food/cooked_egg": {
    "criteria": {
      "has_eggs": "2024-07-29 19:54:24 -0300"
    },
    "done": true
  },
  "minecraft:recipes/building_blocks/stone_stairs_from_stone_stonecutting": {
    "criteria": {
      "has_stone": "2024-07-29 19:56:23 -0300"
    },
    "done": true
  },
  "astikorcarts:recipes/supply_cart": {
    "criteria": {
      "has_wheel": "2024-07-29 19:54:24 -0300"
    },
    "done": true
  },
  "create_dd:recipes/create_dd.palettes/polished_cut_stone_slab_from_stone_types_stone_stonecutting": {
    "criteria": {
      "has_stone_types_stone": "2024-07-29 19:56:23 -0300"
    },
    "done": true
  },
  "create_dd:recipes/create_dd.palettes/polished_cut_stone_wall_from_stone_types_stone_stonecutting": {
    "criteria": {
      "has_stone_types_stone": "2024-07-29 19:56:23 -0300"
    },
    "done": true
  },
  "irons_spellbooks:grant_patchouli": {
    "criteria": {
      "tick": "2024-07-29 19:54:30 -0300"
    },
    "done": true
  },
  "incendium:technical/on_kill": {
    "criteria": {
      "log_spam_fixer": "2024-07-29 19:59:06 -0300"
    },
    "done": false
  },
  "iceandfire:iceandfire/root": {
    "criteria": {
      "tick": "2024-07-29 19:54:30 -0300"
    },
    "done": true
  },
  "astikorcarts:recipes/plow": {
    "criteria": {
      "has_wheel": "2024-07-29 19:54:24 -0300"
    },
    "done": true
  },
  "igleelib:recipes/igleelib/iglium_upgrade_smithing_template": {
    "criteria": {
      "unlock": "2024-07-29 19:54:24 -0300"
    },
    "done": true
  },
  "handcrafted:recipes/misc/vindicator_trophy": {
    "criteria": {
      "has_vindicator_trophy": "2024-07-29 19:56:23 -0300"
    },
    "done": true
  },
  "igleelib:recipes/igleelib/modium_block": {
    "criteria": {
      "unlock": "2024-07-29 19:54:24 -0300"
    },
    "done": true
  },
  "incendium:technical/on_inventory_change": {
    "criteria": {
      "log_spam_fixer": "2024-07-29 19:59:06 -0300"
    },
    "done": false
  },
  "aquaculture:recipes/decorations/acacia_fish_mount": {
    "criteria": {
      "has_items": "2024-07-29 19:54:24 -0300"
    },
    "done": true
  },
  "createsweetsandtreets:create_bake_the_cake": {
    "criteria": {
      "create_bake_the_cake": "2024-07-29 19:54:30 -0300"
    },
    "done": true
  },
  "betterdungeons:root": {
    "criteria": {
      "always": "2024-07-29 19:54:30 -0300"
    },
    "done": true
  },
  "incendium:technical/holy_wrath": {
    "criteria": {
      "log_spam_fixer": "2024-07-29 19:59:06 -0300"
    },
    "done": false
  },
  "incendium:technical/on_block": {
    "criteria": {
      "log_spam_fixer": "2024-07-29 19:59:06 -0300"
    },
    "done": false
  },
  "aquaculture:recipes/aquaculture/light_hook": {
    "criteria": {
      "has_items": "2024-07-29 19:54:24 -0300"
    },
    "done": true
  },
  "igleelib:recipes/igleelib/lavium_ingot": {
    "criteria": {
      "unlock": "2024-07-29 19:54:24 -0300"
    },
    "done": true
  },
  "create_dd:recipes/create_dd.palettes/polished_cut_stone_stairs_from_stone_types_stone_stonecutting": {
    "criteria": {
      "has_stone_types_stone": "2024-07-29 19:56:23 -0300"
    },
    "done": true
  },
  "igleelib:recipes/igleelib/derium_ingot": {
    "criteria": {
      "unlock": "2024-07-29 19:54:24 -0300"
    },
    "done": true
  },
  "handcrafted:recipes/misc/skeleton_trophy": {
    "criteria": {
      "has_skeleton_trophy": "2024-07-29 19:56:23 -0300"
    },
    "done": true
  },
  "minecraft:recipes/building_blocks/stone_stairs": {
    "criteria": {
      "has_stone": "2024-07-29 19:56:23 -0300"
    },
    "done": true
  },
  "create_dd:recipes/create_dd.palettes/cut_stone_bricks_from_stone_types_stone_stonecutting": {
    "criteria": {
      "has_stone_types_stone": "2024-07-29 19:56:23 -0300"
    },
    "done": true
  },
  "create_dd:recipes/create_dd.palettes/cut_stone_from_stone_types_stone_stonecutting": {
    "criteria": {
      "has_stone_types_stone": "2024-07-29 19:56:23 -0300"
    },
    "done": true
  },
  "create_dd:recipes/create_dd.palettes/stone_pillar_from_stone_types_stone_stonecutting": {
    "criteria": {
      "has_stone_types_stone": "2024-07-29 19:56:23 -0300"
    },
    "done": true
  },
  "aquaculture:recipes/tools/iron_fishing_rod": {
    "criteria": {
      "has_vanilla_rod": "2024-07-29 19:54:24 -0300"
    },
    "done": true
  },
  "incendium:technical/feed_ghastling": {
    "criteria": {
      "log_spam_fixer": "2024-07-29 19:59:06 -0300"
    },
    "done": false
  },
  "aquaculture:recipes/decorations/oak_fish_mount": {
    "criteria": {
      "has_items": "2024-07-29 19:54:24 -0300"
    },
    "done": true
  },
  "igleelib:recipes/igleelib/modium_ingot": {
    "criteria": {
      "unlock": "2024-07-29 19:54:24 -0300"
    },
    "done": true
  },
  "minecraft:recipes/decorations/stonecutter": {
    "criteria": {
      "has_stone": "2024-07-29 19:56:23 -0300"
    },
    "done": true
  },
  "aquaculture:recipes/aquaculture/double_hook": {
    "criteria": {
      "has_items": "2024-07-29 19:54:24 -0300"
    },
    "done": true
  },
  "incendium:technical/inventory/firestorm": {
    "criteria": {
      "log_spam_fixer": "2024-07-29 19:59:06 -0300"
    },
    "done": false
  },
  "betterdeserttemples:root": {
    "criteria": {
      "always": "2024-07-29 19:54:30 -0300"
    },
    "done": true
  },
  "create_dd:recipes/create_dd.palettes/cut_stone_brick_slab_from_stone_types_stone_stonecutting": {
    "criteria": {
      "has_stone_types_stone": "2024-07-29 19:56:23 -0300"
    },
    "done": true
  },
  "aquaculture:recipes/aquaculture/fishing_line": {
    "criteria": {
      "has_items": "2024-07-29 19:54:24 -0300"
    },
    "done": true
  },
  "incendium:technical/give_ghastling": {
    "criteria": {
      "log_spam_fixer": "2024-07-29 19:59:06 -0300"
    },
    "done": false
  },
  "minecraft:recipes/decorations/stone_brick_walls_from_stone_stonecutting": {
    "criteria": {
      "has_stone": "2024-07-29 19:56:23 -0300"
    },
    "done": true
  },
  "aquaculture:recipes/aquaculture/iron_hook": {
    "criteria": {
      "has_items": "2024-07-29 19:54:24 -0300"
    },
    "done": true
  },
  "vinery:main/root": {
    "criteria": {
      "seeds": "2024-07-29 19:54:24 -0300"
    },
    "done": true
  },
  "minecraft:recipes/building_blocks/stone_brick_slab_from_stone_stonecutting": {
    "criteria": {
      "has_stone": "2024-07-29 19:56:23 -0300"
    },
    "done": true
  },
  "aquaculture:recipes/misc/jellyfish_to_slimeball": {
    "criteria": {
      "has_items": "2024-07-29 19:54:24 -0300"
    },
    "done": true
  },
  "minecraft:recipes/building_blocks/stone_brick_stairs_from_stone_stonecutting": {
    "criteria": {
      "has_stone": "2024-07-29 19:56:23 -0300"
    },
    "done": true
  },
  "incendium:technical/multiplex_crossbow": {
    "criteria": {
      "log_spam_fixer": "2024-07-29 19:59:06 -0300"
    },
    "done": false
  },
  "astikorcarts:recipes/animal_cart": {
    "criteria": {
      "has_wheel": "2024-07-29 19:54:24 -0300"
    },
    "done": true
  },
  "incendium:technical/using/ragnarok": {
    "criteria": {
      "log_spam_fixer": "2024-07-29 19:54:31 -0300"
    },
    "done": false
  },
  "igleelib:recipes/igleelib/derium_block": {
    "criteria": {
      "unlock": "2024-07-29 19:54:24 -0300"
    },
    "done": true
  },
  "minecraft:recipes/building_blocks/stone_slab_from_stone_stonecutting": {
    "criteria": {
      "has_stone": "2024-07-29 19:56:23 -0300"
    },
    "done": true
  },
  "aquaculture:recipes/tools/diamond_fishing_rod": {
    "criteria": {
      "has_vanilla_rod": "2024-07-29 19:54:24 -0300"
    },
    "done": true
  },
  "adorn:recipes/stone_rod": {
    "criteria": {
      "has_stone": "2024-07-29 19:56:23 -0300"
    },
    "done": true
  },
  "ironfurnaces:coal": {
    "criteria": {
      "rainbowcoal": "2024-07-29 19:54:24 -0300"
    },
    "done": true
  },
  "create_dd:recipes/create_dd.palettes/small_stone_brick_slab_from_stone_types_stone_stonecutting": {
    "criteria": {
      "has_stone_types_stone": "2024-07-29 19:56:23 -0300"
    },
    "done": true
  },
  "create_dd:recipes/create_dd.palettes/cut_stone_slab_from_stone_types_stone_stonecutting": {
    "criteria": {
      "has_stone_types_stone": "2024-07-29 19:56:23 -0300"
    },
    "done": true
  },
  "create_dd:recipes/create_dd.palettes/small_stone_bricks_from_stone_types_stone_stonecutting": {
    "criteria": {
      "has_stone_types_stone": "2024-07-29 19:56:23 -0300"
    },
    "done": true
  },
  "regions_unexplored:recipes/building_blocks/mossy_stone": {
    "criteria": {
      "has_stone": "2024-07-29 19:56:23 -0300"
    },
    "done": true
  },
  "create_dd:recipes/building_blocks/stone_from_stone_types_stone_stonecutting": {
    "criteria": {
      "has_stone_types_stone": "2024-07-29 19:56:23 -0300"
    },
    "done": true
  },
  "aquaculture:recipes/misc/tin_can_to_iron_nugget": {
    "criteria": {
      "has_items": "2024-07-29 19:54:24 -0300"
    },
    "done": true
  },
  "minecraft:recipes/building_blocks/stone_bricks": {
    "criteria": {
      "has_stone": "2024-07-29 19:56:23 -0300"
    },
    "done": true
  },
  "aquaculture:recipes/decorations/birch_fish_mount": {
    "criteria": {
      "has_items": "2024-07-29 19:54:24 -0300"
    },
    "done": true
  },
  "adorn:recipes/stone_torch": {
    "criteria": {
      "has_stone": "2024-07-29 19:56:23 -0300"
    },
    "done": true
  },
  "regions_unexplored:recipes/building_blocks/stone_grass_block": {
    "criteria": {
      "has_stone": "2024-07-29 19:56:23 -0300"
    },
    "done": true
  },
  "minecraft:recipes/building_blocks/stone_bricks_from_stone_stonecutting": {
    "criteria": {
      "has_stone": "2024-07-29 19:56:23 -0300"
    },
    "done": true
  },
  "minecraft:recipes/building_blocks/stone_slab": {
    "criteria": {
      "has_stone": "2024-07-29 19:56:23 -0300"
    },
    "done": true
  },
  "aquaculture:recipes/misc/iron_nugget_from_smelting": {
    "criteria": {
      "has_fishing_rod": "2024-07-29 19:54:24 -0300",
      "has_fillet_knife": "2024-07-29 19:54:24 -0300"
    },
    "done": true
  },
  "incendium:technical/on_player_hurt": {
    "criteria": {
      "log_spam_fixer": "2024-07-29 19:59:06 -0300"
    },
    "done": false
  },
  "aquaculture:recipes/tools/golden_fishing_rod": {
    "criteria": {
      "has_vanilla_rod": "2024-07-29 19:54:24 -0300"
    },
    "done": true
  },
  "aquaculture:recipes/misc/gold_nugget_from_smelting": {
    "criteria": {
      "has_fishing_rod": "2024-07-29 19:54:24 -0300",
      "has_fillet_knife": "2024-07-29 19:54:24 -0300"
    },
    "done": true
  },
  "minecraft:recipes/redstone/stone_button": {
    "criteria": {
      "has_stone": "2024-07-29 19:56:23 -0300"
    },
    "done": true
  },
  "igleelib:recipes/igleelib/blazum_ingot": {
    "criteria": {
      "unlock": "2024-07-29 19:54:24 -0300"
    },
    "done": true
  },
  "minecraft:recipes/redstone/stone_pressure_plate": {
    "criteria": {
      "has_stone": "2024-07-29 19:56:23 -0300"
    },
    "done": true
  },
  "aquaculture:recipes/misc/bonemeal_from_fish_bones": {
    "criteria": {
      "has_items": "2024-07-29 19:54:24 -0300"
    },
    "done": true
  },
  "create_dd:recipes/create_dd.palettes/cut_stone_stairs_from_stone_types_stone_stonecutting": {
    "criteria": {
      "has_stone_types_stone": "2024-07-29 19:56:23 -0300"
    },
    "done": true
  },
  "incendium:technical/new_player": {
    "criteria": {
      "requirement": "2024-07-29 19:54:30 -0300"
    },
    "done": true
  },
  "aquaculture:recipes/misc/brown_mushroom_from_fish": {
    "criteria": {
      "has_items": "2024-07-29 19:54:24 -0300"
    },
    "done": true
  },
  "create_dd:recipes/create_dd.palettes/small_stone_brick_wall_from_stone_types_stone_stonecutting": {
    "criteria": {
      "has_stone_types_stone": "2024-07-29 19:56:23 -0300"
    },
    "done": true
  },
  "dungeons_arise:wda_root": {
    "criteria": {
      "WDA": "2024-07-29 19:54:30 -0300"
    },
    "done": true
  },
  "weaponmaster:parts/root": {
    "criteria": {
      "crafting_table": "2024-07-29 19:54:24 -0300"
    },
    "done": true
  },
  "the_bumblezone:root": {
    "criteria": {
      "instant_granted": "2024-07-29 19:54:30 -0300"
    },
    "done": true
  },
  "aquaculture:recipes/misc/neptinium_ingot_from_blasting": {
    "criteria": {
      "has_leggings": "2024-07-29 19:54:24 -0300",
      "has_axe": "2024-07-29 19:54:24 -0300",
      "has_helmet": "2024-07-29 19:54:24 -0300",
      "has_fishing_rod": "2024-07-29 19:54:24 -0300",
      "has_bow": "2024-07-29 19:54:24 -0300",
      "has_chestplate": "2024-07-29 19:54:24 -0300",
      "has_sword": "2024-07-29 19:54:24 -0300",
      "has_fillet_knife": "2024-07-29 19:54:24 -0300",
      "has_shovel": "2024-07-29 19:54:24 -0300",
      "has_hoe": "2024-07-29 19:54:24 -0300",
      "has_boots": "2024-07-29 19:54:24 -0300",
      "has_pickaxe": "2024-07-29 19:54:24 -0300"
    },
    "done": true
  },
  "adorn:recipes/stone_ladder": {
    "criteria": {
      "has_stone": "2024-07-29 19:56:23 -0300"
    },
    "done": true
  },
  "handcrafted:recipes/misc/evoker_trophy": {
    "criteria": {
      "has_evoker_trophy": "2024-07-29 19:56:23 -0300"
    },
    "done": true
  },
  "aquaculture:recipes/decorations/dark_oak_fish_mount": {
    "criteria": {
      "has_items": "2024-07-29 19:54:24 -0300"
    },
    "done": true
  },
  "bakery:main/root": {
    "criteria": {
      "seeds": "2024-07-29 19:54:24 -0300"
    },
    "done": true
  },
  "create_dd:recipes/create_dd.palettes/small_stone_brick_stairs_from_stone_types_stone_stonecutting": {
    "criteria": {
      "has_stone_types_stone": "2024-07-29 19:56:23 -0300"
    },
    "done": true
  },
  "aquaculture:recipes/aquaculture/diamond_hook": {
    "criteria": {
      "has_items": "2024-07-29 19:54:24 -0300"
    },
    "done": true
  },
  "aquaculture:recipes/food/sushi": {
    "criteria": {
      "has_alt_items": "2024-07-29 19:54:24 -0300",
      "has_items": "2024-07-29 19:54:24 -0300"
    },
    "done": true
  },
  "handcrafted:recipes/misc/pillager_trophy": {
    "criteria": {
      "has_pillager_trophy": "2024-07-29 19:56:23 -0300"
    },
    "done": true
  },
  "incendium:technical/using/shield": {
    "criteria": {
      "log_spam_fixer": "2024-07-29 19:54:31 -0300"
    },
    "done": false
  },
  "aquaculture:recipes/misc/red_mushroom_from_fish": {
    "criteria": {
      "has_items": "2024-07-29 19:54:24 -0300"
    },
    "done": true
  },
  "aquaculture:recipes/building_blocks/planks_from_driftwood": {
    "criteria": {
      "has_items": "2024-07-29 19:54:24 -0300"
    },
    "done": true
  },
  "create_dd:recipes/create_dd.palettes/cut_stone_wall_from_stone_types_stone_stonecutting": {
    "criteria": {
      "has_stone_types_stone": "2024-07-29 19:56:23 -0300"
    },
    "done": true
  },
  "tombstone:adventure/root": {
    "criteria": {
      "auto": "2024-07-29 19:54:31 -0300"
    },
    "done": true
  },
  "regions_unexplored:parent": {
    "criteria": {
      "load_in_world": "2024-07-29 19:54:31 -0300"
    },
    "done": true
  },
  "create_dd:recipes/create_dd.palettes/layered_stone_from_stone_types_stone_stonecutting": {
    "criteria": {
      "has_stone_types_stone": "2024-07-29 19:56:23 -0300"
    },
    "done": true
  },
  "aquaculture:recipes/aquaculture/worm_farm": {
    "criteria": {
      "has_items": "2024-07-29 19:54:24 -0300"
    },
    "done": true
  },
  "handcrafted:recipes/misc/stone_corner_trim": {
    "criteria": {
      "has_stone_corner_trim": "2024-07-29 19:56:23 -0300"
    },
    "done": true
  },
  "incendium:technical/inventory/sentrys_wrath": {
    "criteria": {
      "log_spam_fixer": "2024-07-29 19:59:06 -0300"
    },
    "done": false
  },
  "aquaculture:recipes/aquaculture/note_hook": {
    "criteria": {
      "has_items": "2024-07-29 19:54:24 -0300"
    },
    "done": true
  },
  "aquaculture:recipes/food/cooked_fish_fillet_from_campfire": {
    "criteria": {
      "has_items": "2024-07-29 19:54:24 -0300"
    },
    "done": true
  },
  "aquaculture:recipes/aquaculture/gold_hook": {
    "criteria": {
      "has_items": "2024-07-29 19:54:24 -0300"
    },
    "done": true
  },
  "aquaculture:recipes/decorations/spruce_fish_mount": {
    "criteria": {
      "has_items": "2024-07-29 19:54:24 -0300"
    },
    "done": true
  },
  "igleelib:recipes/igleelib/blazum_block": {
    "criteria": {
      "unlock": "2024-07-29 19:54:24 -0300"
    },
    "done": true
  },
  "incendium:technical/firestorm": {
    "criteria": {
      "log_spam_fixer": "2024-07-29 19:59:06 -0300"
    },
    "done": false
  },
  "minecraft:recipes/building_blocks/smooth_stone": {
    "criteria": {
      "has_stone": "2024-07-29 19:56:23 -0300"
    },
    "done": true
  },
  "aquaculture:recipes/misc/tin_can_to_iron_nugget_from_blasting": {
    "criteria": {
      "has_items": "2024-07-29 19:54:24 -0300"
    },
    "done": true
  },
  "create_dd:recipes/create_dd.palettes/cut_stone_brick_stairs_from_stone_types_stone_stonecutting": {
    "criteria": {
      "has_stone_types_stone": "2024-07-29 19:56:23 -0300"
    },
    "done": true
  },
  "incendium:technical/scroll_of_returning": {
    "criteria": {
      "log_spam_fixer": "2024-07-29 19:54:31 -0300"
    },
    "done": false
  },
  "aquaculture:recipes/aquaculture/redstone_hook": {
    "criteria": {
      "has_items": "2024-07-29 19:54:24 -0300"
    },
    "done": true
  },
  "create_dd:recipes/create_dd.palettes/polished_cut_stone_from_stone_types_stone_stonecutting": {
    "criteria": {
      "has_stone_types_stone": "2024-07-29 19:56:23 -0300"
    },
    "done": true
  },
  "aquaculture:recipes/misc/gold_nugget_from_blasting": {
    "criteria": {
      "has_fishing_rod": "2024-07-29 19:54:24 -0300",
      "has_fillet_knife": "2024-07-29 19:54:24 -0300"
    },
    "done": true
  },
  "aquaculture:recipes/aquaculture/bobber": {
    "criteria": {
      "has_items": "2024-07-29 19:54:24 -0300"
    },
    "done": true
  },
  "aquaculture:recipes/misc/gold_nugget_from_gold_fish": {
    "criteria": {
      "has_items": "2024-07-29 19:54:24 -0300"
    },
    "done": true
  },
  "aquaculture:recipes/food/cooked_fish_fillet_from_smoking": {
    "criteria": {
      "has_items": "2024-07-29 19:54:24 -0300"
    },
    "done": true
  },
  "adorn:recipes/stone_post": {
    "criteria": {
      "has_stone": "2024-07-29 19:56:23 -0300"
    },
    "done": true
  },
  "handcrafted:recipes/misc/witch_trophy": {
    "criteria": {
      "has_witch_trophy": "2024-07-29 19:56:23 -0300"
    },
    "done": true
  },
  "farmersdelight:main/root": {
    "criteria": {
      "seeds": "2024-07-29 19:54:24 -0300"
    },
    "done": true
  },
  "aquaculture:recipes/food/cooked_fish_fillet": {
    "criteria": {
      "has_items": "2024-07-29 19:54:24 -0300"
    },
    "done": true
  },
  "the_bumblezone:wiki": {
    "criteria": {
      "instant_granted": "2024-07-29 19:54:30 -0300"
    },
    "done": true
  },
  "regions_unexplored:recipes/building_blocks/viridescent_nylium": {
    "criteria": {
      "has_stone": "2024-07-29 19:56:23 -0300"
    },
    "done": true
  },
  "minecraft:recipes/building_blocks/chiseled_stone_bricks_stone_from_stonecutting": {
    "criteria": {
      "has_stone": "2024-07-29 19:56:23 -0300"
    },
    "done": true
  },
  "handcrafted:recipes/misc/stone_pillar_trim": {
    "criteria": {
      "has_stone_pillar_trim": "2024-07-29 19:56:23 -0300"
    },
    "done": true
  },
  "incendium:technical/using/trailblazer": {
    "criteria": {
      "log_spam_fixer": "2024-07-29 19:54:31 -0300"
    },
    "done": false
  },
  "aquaculture:recipes/misc/neptunium_ingot_from_nuggets": {
    "criteria": {
      "has_items": "2024-07-29 19:54:24 -0300"
    },
    "done": true
  },
  "aquaculture:recipes/misc/iron_nugget_from_blasting": {
    "criteria": {
      "has_fishing_rod": "2024-07-29 19:54:24 -0300",
      "has_fillet_knife": "2024-07-29 19:54:24 -0300"
    },
    "done": true
  },
  "chiselsandbits:recipes/tools/chisel_stone": {
    "criteria": {
      "has_ingredient": "2024-07-29 19:56:23 -0300"
    },
    "done": true
  },
  "aquaculture:recipes/decorations/jungle_fish_mount": {
    "criteria": {
      "has_items": "2024-07-29 19:54:24 -0300"
    },
    "done": true
  },
  "DataVersion": 3465
}