{
  "minecraft:recipes/building_blocks/muddy_mangrove_roots": {
    "criteria": {
      "has_mangrove_roots": "2024-07-26 21:16:59 +0000"
    },
    "done": true
  },
  "minecraft:recipes/decorations/crafting_table": {
    "criteria": {
      "unlock_right_away": "2024-07-26 21:10:19 +0000"
    },
    "done": true
  },
  "minecraft:adventure/adventuring_time": {
    "criteria": {
      "minecraft:windswept_hills": "2024-07-26 21:10:39 +0000",
      "minecraft:mangrove_swamp": "2024-07-26 21:11:17 +0000",
      "minecraft:swamp": "2024-07-26 21:16:36 +0000",
      "minecraft:plains": "2024-07-26 21:10:20 +0000"
    },
    "done": false
  },
  "DataVersion": 3465
}